--
-- PostgreSQL database dump
--

-- Dumped from database version 16.8
-- Dumped by pg_dump version 16.8

-- Started on 2025-05-19 18:56:08

SET statement_timeout = 0;
SET lock_timeout = 0;
SET idle_in_transaction_session_timeout = 0;
SET client_encoding = 'UTF8';
SET standard_conforming_strings = on;
SELECT pg_catalog.set_config('search_path', '', false);
SET check_function_bodies = false;
SET xmloption = content;
SET client_min_messages = warning;
SET row_security = off;

SET default_tablespace = '';

SET default_table_access_method = heap;

--
-- TOC entry 222 (class 1259 OID 17576)
-- Name: airlines; Type: TABLE; Schema: public; Owner: postgres
--

CREATE TABLE public.airlines (
    id integer NOT NULL,
    name character varying(50) NOT NULL,
    iata_code character(2) NOT NULL
);


ALTER TABLE public.airlines OWNER TO postgres;

--
-- TOC entry 221 (class 1259 OID 17575)
-- Name: airlines_id_seq; Type: SEQUENCE; Schema: public; Owner: postgres
--

CREATE SEQUENCE public.airlines_id_seq
    AS integer
    START WITH 1
    INCREMENT BY 1
    NO MINVALUE
    NO MAXVALUE
    CACHE 1;


ALTER SEQUENCE public.airlines_id_seq OWNER TO postgres;

--
-- TOC entry 5153 (class 0 OID 0)
-- Dependencies: 221
-- Name: airlines_id_seq; Type: SEQUENCE OWNED BY; Schema: public; Owner: postgres
--

ALTER SEQUENCE public.airlines_id_seq OWNED BY public.airlines.id;


--
-- TOC entry 226 (class 1259 OID 17594)
-- Name: airplane_models; Type: TABLE; Schema: public; Owner: postgres
--

CREATE TABLE public.airplane_models (
    id integer NOT NULL,
    name character varying(50) NOT NULL,
    seat_capacity integer NOT NULL
);


ALTER TABLE public.airplane_models OWNER TO postgres;

--
-- TOC entry 225 (class 1259 OID 17593)
-- Name: airplane_models_id_seq; Type: SEQUENCE; Schema: public; Owner: postgres
--

CREATE SEQUENCE public.airplane_models_id_seq
    AS integer
    START WITH 1
    INCREMENT BY 1
    NO MINVALUE
    NO MAXVALUE
    CACHE 1;


ALTER SEQUENCE public.airplane_models_id_seq OWNER TO postgres;

--
-- TOC entry 5154 (class 0 OID 0)
-- Dependencies: 225
-- Name: airplane_models_id_seq; Type: SEQUENCE OWNED BY; Schema: public; Owner: postgres
--

ALTER SEQUENCE public.airplane_models_id_seq OWNED BY public.airplane_models.id;


--
-- TOC entry 228 (class 1259 OID 17601)
-- Name: airplanes; Type: TABLE; Schema: public; Owner: postgres
--

CREATE TABLE public.airplanes (
    id integer NOT NULL,
    model_id integer NOT NULL
);


ALTER TABLE public.airplanes OWNER TO postgres;

--
-- TOC entry 227 (class 1259 OID 17600)
-- Name: airplanes_id_seq; Type: SEQUENCE; Schema: public; Owner: postgres
--

CREATE SEQUENCE public.airplanes_id_seq
    AS integer
    START WITH 1
    INCREMENT BY 1
    NO MINVALUE
    NO MAXVALUE
    CACHE 1;


ALTER SEQUENCE public.airplanes_id_seq OWNER TO postgres;

--
-- TOC entry 5155 (class 0 OID 0)
-- Dependencies: 227
-- Name: airplanes_id_seq; Type: SEQUENCE OWNED BY; Schema: public; Owner: postgres
--

ALTER SEQUENCE public.airplanes_id_seq OWNED BY public.airplanes.id;


--
-- TOC entry 220 (class 1259 OID 17562)
-- Name: airports; Type: TABLE; Schema: public; Owner: postgres
--

CREATE TABLE public.airports (
    id integer NOT NULL,
    name character varying(100) NOT NULL,
    city_id integer NOT NULL,
    iata_code character(3) NOT NULL
);


ALTER TABLE public.airports OWNER TO postgres;

--
-- TOC entry 219 (class 1259 OID 17561)
-- Name: airports_id_seq; Type: SEQUENCE; Schema: public; Owner: postgres
--

CREATE SEQUENCE public.airports_id_seq
    AS integer
    START WITH 1
    INCREMENT BY 1
    NO MINVALUE
    NO MAXVALUE
    CACHE 1;


ALTER SEQUENCE public.airports_id_seq OWNER TO postgres;

--
-- TOC entry 5156 (class 0 OID 0)
-- Dependencies: 219
-- Name: airports_id_seq; Type: SEQUENCE OWNED BY; Schema: public; Owner: postgres
--

ALTER SEQUENCE public.airports_id_seq OWNED BY public.airports.id;


--
-- TOC entry 246 (class 1259 OID 17727)
-- Name: auth_group; Type: TABLE; Schema: public; Owner: postgres
--

CREATE TABLE public.auth_group (
    id integer NOT NULL,
    name character varying(150) NOT NULL
);


ALTER TABLE public.auth_group OWNER TO postgres;

--
-- TOC entry 245 (class 1259 OID 17726)
-- Name: auth_group_id_seq; Type: SEQUENCE; Schema: public; Owner: postgres
--

ALTER TABLE public.auth_group ALTER COLUMN id ADD GENERATED BY DEFAULT AS IDENTITY (
    SEQUENCE NAME public.auth_group_id_seq
    START WITH 1
    INCREMENT BY 1
    NO MINVALUE
    NO MAXVALUE
    CACHE 1
);


--
-- TOC entry 248 (class 1259 OID 17735)
-- Name: auth_group_permissions; Type: TABLE; Schema: public; Owner: postgres
--

CREATE TABLE public.auth_group_permissions (
    id bigint NOT NULL,
    group_id integer NOT NULL,
    permission_id integer NOT NULL
);


ALTER TABLE public.auth_group_permissions OWNER TO postgres;

--
-- TOC entry 247 (class 1259 OID 17734)
-- Name: auth_group_permissions_id_seq; Type: SEQUENCE; Schema: public; Owner: postgres
--

ALTER TABLE public.auth_group_permissions ALTER COLUMN id ADD GENERATED BY DEFAULT AS IDENTITY (
    SEQUENCE NAME public.auth_group_permissions_id_seq
    START WITH 1
    INCREMENT BY 1
    NO MINVALUE
    NO MAXVALUE
    CACHE 1
);


--
-- TOC entry 244 (class 1259 OID 17721)
-- Name: auth_permission; Type: TABLE; Schema: public; Owner: postgres
--

CREATE TABLE public.auth_permission (
    id integer NOT NULL,
    name character varying(255) NOT NULL,
    content_type_id integer NOT NULL,
    codename character varying(100) NOT NULL
);


ALTER TABLE public.auth_permission OWNER TO postgres;

--
-- TOC entry 243 (class 1259 OID 17720)
-- Name: auth_permission_id_seq; Type: SEQUENCE; Schema: public; Owner: postgres
--

ALTER TABLE public.auth_permission ALTER COLUMN id ADD GENERATED BY DEFAULT AS IDENTITY (
    SEQUENCE NAME public.auth_permission_id_seq
    START WITH 1
    INCREMENT BY 1
    NO MINVALUE
    NO MAXVALUE
    CACHE 1
);


--
-- TOC entry 250 (class 1259 OID 17741)
-- Name: auth_user; Type: TABLE; Schema: public; Owner: postgres
--

CREATE TABLE public.auth_user (
    id integer NOT NULL,
    password character varying(128) NOT NULL,
    last_login timestamp with time zone,
    is_superuser boolean NOT NULL,
    username character varying(150) NOT NULL,
    first_name character varying(150) NOT NULL,
    last_name character varying(150) NOT NULL,
    email character varying(254) NOT NULL,
    is_staff boolean NOT NULL,
    is_active boolean NOT NULL,
    date_joined timestamp with time zone NOT NULL
);


ALTER TABLE public.auth_user OWNER TO postgres;

--
-- TOC entry 252 (class 1259 OID 17749)
-- Name: auth_user_groups; Type: TABLE; Schema: public; Owner: postgres
--

CREATE TABLE public.auth_user_groups (
    id bigint NOT NULL,
    user_id integer NOT NULL,
    group_id integer NOT NULL
);


ALTER TABLE public.auth_user_groups OWNER TO postgres;

--
-- TOC entry 251 (class 1259 OID 17748)
-- Name: auth_user_groups_id_seq; Type: SEQUENCE; Schema: public; Owner: postgres
--

ALTER TABLE public.auth_user_groups ALTER COLUMN id ADD GENERATED BY DEFAULT AS IDENTITY (
    SEQUENCE NAME public.auth_user_groups_id_seq
    START WITH 1
    INCREMENT BY 1
    NO MINVALUE
    NO MAXVALUE
    CACHE 1
);


--
-- TOC entry 249 (class 1259 OID 17740)
-- Name: auth_user_id_seq; Type: SEQUENCE; Schema: public; Owner: postgres
--

ALTER TABLE public.auth_user ALTER COLUMN id ADD GENERATED BY DEFAULT AS IDENTITY (
    SEQUENCE NAME public.auth_user_id_seq
    START WITH 1
    INCREMENT BY 1
    NO MINVALUE
    NO MAXVALUE
    CACHE 1
);


--
-- TOC entry 254 (class 1259 OID 17755)
-- Name: auth_user_user_permissions; Type: TABLE; Schema: public; Owner: postgres
--

CREATE TABLE public.auth_user_user_permissions (
    id bigint NOT NULL,
    user_id integer NOT NULL,
    permission_id integer NOT NULL
);


ALTER TABLE public.auth_user_user_permissions OWNER TO postgres;

--
-- TOC entry 253 (class 1259 OID 17754)
-- Name: auth_user_user_permissions_id_seq; Type: SEQUENCE; Schema: public; Owner: postgres
--

ALTER TABLE public.auth_user_user_permissions ALTER COLUMN id ADD GENERATED BY DEFAULT AS IDENTITY (
    SEQUENCE NAME public.auth_user_user_permissions_id_seq
    START WITH 1
    INCREMENT BY 1
    NO MINVALUE
    NO MAXVALUE
    CACHE 1
);


--
-- TOC entry 238 (class 1259 OID 17680)
-- Name: bookings; Type: TABLE; Schema: public; Owner: postgres
--

CREATE TABLE public.bookings (
    id integer NOT NULL,
    flight_schedule_id integer NOT NULL,
    seat_id integer NOT NULL,
    passenger_id integer NOT NULL,
    price numeric(10,2) NOT NULL,
    status character varying(20) DEFAULT 'reserved'::character varying NOT NULL
);


ALTER TABLE public.bookings OWNER TO postgres;

--
-- TOC entry 237 (class 1259 OID 17679)
-- Name: bookings_id_seq; Type: SEQUENCE; Schema: public; Owner: postgres
--

CREATE SEQUENCE public.bookings_id_seq
    AS integer
    START WITH 1
    INCREMENT BY 1
    NO MINVALUE
    NO MAXVALUE
    CACHE 1;


ALTER SEQUENCE public.bookings_id_seq OWNER TO postgres;

--
-- TOC entry 5157 (class 0 OID 0)
-- Dependencies: 237
-- Name: bookings_id_seq; Type: SEQUENCE OWNED BY; Schema: public; Owner: postgres
--

ALTER SEQUENCE public.bookings_id_seq OWNED BY public.bookings.id;


--
-- TOC entry 218 (class 1259 OID 17548)
-- Name: cities; Type: TABLE; Schema: public; Owner: postgres
--

CREATE TABLE public.cities (
    id integer NOT NULL,
    name character varying(50) NOT NULL,
    country_id integer NOT NULL
);


ALTER TABLE public.cities OWNER TO postgres;

--
-- TOC entry 217 (class 1259 OID 17547)
-- Name: cities_id_seq; Type: SEQUENCE; Schema: public; Owner: postgres
--

CREATE SEQUENCE public.cities_id_seq
    AS integer
    START WITH 1
    INCREMENT BY 1
    NO MINVALUE
    NO MAXVALUE
    CACHE 1;


ALTER SEQUENCE public.cities_id_seq OWNER TO postgres;

--
-- TOC entry 5158 (class 0 OID 0)
-- Dependencies: 217
-- Name: cities_id_seq; Type: SEQUENCE OWNED BY; Schema: public; Owner: postgres
--

ALTER SEQUENCE public.cities_id_seq OWNED BY public.cities.id;


--
-- TOC entry 216 (class 1259 OID 17539)
-- Name: countries; Type: TABLE; Schema: public; Owner: postgres
--

CREATE TABLE public.countries (
    id integer NOT NULL,
    name character varying(50) NOT NULL
);


ALTER TABLE public.countries OWNER TO postgres;

--
-- TOC entry 215 (class 1259 OID 17538)
-- Name: countries_id_seq; Type: SEQUENCE; Schema: public; Owner: postgres
--

CREATE SEQUENCE public.countries_id_seq
    AS integer
    START WITH 1
    INCREMENT BY 1
    NO MINVALUE
    NO MAXVALUE
    CACHE 1;


ALTER SEQUENCE public.countries_id_seq OWNER TO postgres;

--
-- TOC entry 5159 (class 0 OID 0)
-- Dependencies: 215
-- Name: countries_id_seq; Type: SEQUENCE OWNED BY; Schema: public; Owner: postgres
--

ALTER SEQUENCE public.countries_id_seq OWNED BY public.countries.id;


--
-- TOC entry 256 (class 1259 OID 17813)
-- Name: django_admin_log; Type: TABLE; Schema: public; Owner: postgres
--

CREATE TABLE public.django_admin_log (
    id integer NOT NULL,
    action_time timestamp with time zone NOT NULL,
    object_id text,
    object_repr character varying(200) NOT NULL,
    action_flag smallint NOT NULL,
    change_message text NOT NULL,
    content_type_id integer,
    user_id integer NOT NULL,
    CONSTRAINT django_admin_log_action_flag_check CHECK ((action_flag >= 0))
);


ALTER TABLE public.django_admin_log OWNER TO postgres;

--
-- TOC entry 255 (class 1259 OID 17812)
-- Name: django_admin_log_id_seq; Type: SEQUENCE; Schema: public; Owner: postgres
--

ALTER TABLE public.django_admin_log ALTER COLUMN id ADD GENERATED BY DEFAULT AS IDENTITY (
    SEQUENCE NAME public.django_admin_log_id_seq
    START WITH 1
    INCREMENT BY 1
    NO MINVALUE
    NO MAXVALUE
    CACHE 1
);


--
-- TOC entry 242 (class 1259 OID 17713)
-- Name: django_content_type; Type: TABLE; Schema: public; Owner: postgres
--

CREATE TABLE public.django_content_type (
    id integer NOT NULL,
    app_label character varying(100) NOT NULL,
    model character varying(100) NOT NULL
);


ALTER TABLE public.django_content_type OWNER TO postgres;

--
-- TOC entry 241 (class 1259 OID 17712)
-- Name: django_content_type_id_seq; Type: SEQUENCE; Schema: public; Owner: postgres
--

ALTER TABLE public.django_content_type ALTER COLUMN id ADD GENERATED BY DEFAULT AS IDENTITY (
    SEQUENCE NAME public.django_content_type_id_seq
    START WITH 1
    INCREMENT BY 1
    NO MINVALUE
    NO MAXVALUE
    CACHE 1
);


--
-- TOC entry 240 (class 1259 OID 17705)
-- Name: django_migrations; Type: TABLE; Schema: public; Owner: postgres
--

CREATE TABLE public.django_migrations (
    id bigint NOT NULL,
    app character varying(255) NOT NULL,
    name character varying(255) NOT NULL,
    applied timestamp with time zone NOT NULL
);


ALTER TABLE public.django_migrations OWNER TO postgres;

--
-- TOC entry 239 (class 1259 OID 17704)
-- Name: django_migrations_id_seq; Type: SEQUENCE; Schema: public; Owner: postgres
--

ALTER TABLE public.django_migrations ALTER COLUMN id ADD GENERATED BY DEFAULT AS IDENTITY (
    SEQUENCE NAME public.django_migrations_id_seq
    START WITH 1
    INCREMENT BY 1
    NO MINVALUE
    NO MAXVALUE
    CACHE 1
);


--
-- TOC entry 257 (class 1259 OID 18014)
-- Name: django_session; Type: TABLE; Schema: public; Owner: postgres
--

CREATE TABLE public.django_session (
    session_key character varying(40) NOT NULL,
    session_data text NOT NULL,
    expire_date timestamp with time zone NOT NULL
);


ALTER TABLE public.django_session OWNER TO postgres;

--
-- TOC entry 224 (class 1259 OID 17585)
-- Name: flight_classes; Type: TABLE; Schema: public; Owner: postgres
--

CREATE TABLE public.flight_classes (
    id integer NOT NULL,
    name character varying(20) NOT NULL
);


ALTER TABLE public.flight_classes OWNER TO postgres;

--
-- TOC entry 223 (class 1259 OID 17584)
-- Name: flight_classes_id_seq; Type: SEQUENCE; Schema: public; Owner: postgres
--

CREATE SEQUENCE public.flight_classes_id_seq
    AS integer
    START WITH 1
    INCREMENT BY 1
    NO MINVALUE
    NO MAXVALUE
    CACHE 1;


ALTER SEQUENCE public.flight_classes_id_seq OWNER TO postgres;

--
-- TOC entry 5160 (class 0 OID 0)
-- Dependencies: 223
-- Name: flight_classes_id_seq; Type: SEQUENCE OWNED BY; Schema: public; Owner: postgres
--

ALTER SEQUENCE public.flight_classes_id_seq OWNED BY public.flight_classes.id;


--
-- TOC entry 236 (class 1259 OID 17663)
-- Name: flight_schedules; Type: TABLE; Schema: public; Owner: postgres
--

CREATE TABLE public.flight_schedules (
    id integer NOT NULL,
    flight_id integer NOT NULL,
    departure_time timestamp without time zone NOT NULL,
    arrival_time timestamp without time zone NOT NULL,
    airplane_id integer NOT NULL
);


ALTER TABLE public.flight_schedules OWNER TO postgres;

--
-- TOC entry 235 (class 1259 OID 17662)
-- Name: flight_schedules_id_seq; Type: SEQUENCE; Schema: public; Owner: postgres
--

CREATE SEQUENCE public.flight_schedules_id_seq
    AS integer
    START WITH 1
    INCREMENT BY 1
    NO MINVALUE
    NO MAXVALUE
    CACHE 1;


ALTER SEQUENCE public.flight_schedules_id_seq OWNER TO postgres;

--
-- TOC entry 5161 (class 0 OID 0)
-- Dependencies: 235
-- Name: flight_schedules_id_seq; Type: SEQUENCE OWNED BY; Schema: public; Owner: postgres
--

ALTER SEQUENCE public.flight_schedules_id_seq OWNED BY public.flight_schedules.id;


--
-- TOC entry 234 (class 1259 OID 17641)
-- Name: flights; Type: TABLE; Schema: public; Owner: postgres
--

CREATE TABLE public.flights (
    id integer NOT NULL,
    flight_number character varying(6) NOT NULL,
    airline_id integer NOT NULL,
    departure_airport_id integer NOT NULL,
    arrival_airport_id integer NOT NULL
);


ALTER TABLE public.flights OWNER TO postgres;

--
-- TOC entry 233 (class 1259 OID 17640)
-- Name: flights_id_seq; Type: SEQUENCE; Schema: public; Owner: postgres
--

CREATE SEQUENCE public.flights_id_seq
    AS integer
    START WITH 1
    INCREMENT BY 1
    NO MINVALUE
    NO MAXVALUE
    CACHE 1;


ALTER SEQUENCE public.flights_id_seq OWNER TO postgres;

--
-- TOC entry 5162 (class 0 OID 0)
-- Dependencies: 233
-- Name: flights_id_seq; Type: SEQUENCE OWNED BY; Schema: public; Owner: postgres
--

ALTER SEQUENCE public.flights_id_seq OWNED BY public.flights.id;


--
-- TOC entry 232 (class 1259 OID 17632)
-- Name: passengers; Type: TABLE; Schema: public; Owner: postgres
--

CREATE TABLE public.passengers (
    id integer NOT NULL,
    full_name character varying(100) NOT NULL,
    passport_number character varying(20) NOT NULL
);


ALTER TABLE public.passengers OWNER TO postgres;

--
-- TOC entry 231 (class 1259 OID 17631)
-- Name: passengers_id_seq; Type: SEQUENCE; Schema: public; Owner: postgres
--

CREATE SEQUENCE public.passengers_id_seq
    AS integer
    START WITH 1
    INCREMENT BY 1
    NO MINVALUE
    NO MAXVALUE
    CACHE 1;


ALTER SEQUENCE public.passengers_id_seq OWNER TO postgres;

--
-- TOC entry 5163 (class 0 OID 0)
-- Dependencies: 231
-- Name: passengers_id_seq; Type: SEQUENCE OWNED BY; Schema: public; Owner: postgres
--

ALTER SEQUENCE public.passengers_id_seq OWNED BY public.passengers.id;


--
-- TOC entry 230 (class 1259 OID 17613)
-- Name: seats; Type: TABLE; Schema: public; Owner: postgres
--

CREATE TABLE public.seats (
    id integer NOT NULL,
    airplane_id integer NOT NULL,
    flight_class_id integer NOT NULL,
    row_number smallint NOT NULL,
    seat_code character varying(3) NOT NULL
);


ALTER TABLE public.seats OWNER TO postgres;

--
-- TOC entry 229 (class 1259 OID 17612)
-- Name: seats_id_seq; Type: SEQUENCE; Schema: public; Owner: postgres
--

CREATE SEQUENCE public.seats_id_seq
    AS integer
    START WITH 1
    INCREMENT BY 1
    NO MINVALUE
    NO MAXVALUE
    CACHE 1;


ALTER SEQUENCE public.seats_id_seq OWNER TO postgres;

--
-- TOC entry 5164 (class 0 OID 0)
-- Dependencies: 229
-- Name: seats_id_seq; Type: SEQUENCE OWNED BY; Schema: public; Owner: postgres
--

ALTER SEQUENCE public.seats_id_seq OWNED BY public.seats.id;


--
-- TOC entry 4842 (class 2604 OID 17579)
-- Name: airlines id; Type: DEFAULT; Schema: public; Owner: postgres
--

ALTER TABLE ONLY public.airlines ALTER COLUMN id SET DEFAULT nextval('public.airlines_id_seq'::regclass);


--
-- TOC entry 4844 (class 2604 OID 17597)
-- Name: airplane_models id; Type: DEFAULT; Schema: public; Owner: postgres
--

ALTER TABLE ONLY public.airplane_models ALTER COLUMN id SET DEFAULT nextval('public.airplane_models_id_seq'::regclass);


--
-- TOC entry 4845 (class 2604 OID 17604)
-- Name: airplanes id; Type: DEFAULT; Schema: public; Owner: postgres
--

ALTER TABLE ONLY public.airplanes ALTER COLUMN id SET DEFAULT nextval('public.airplanes_id_seq'::regclass);


--
-- TOC entry 4841 (class 2604 OID 17565)
-- Name: airports id; Type: DEFAULT; Schema: public; Owner: postgres
--

ALTER TABLE ONLY public.airports ALTER COLUMN id SET DEFAULT nextval('public.airports_id_seq'::regclass);


--
-- TOC entry 4850 (class 2604 OID 17683)
-- Name: bookings id; Type: DEFAULT; Schema: public; Owner: postgres
--

ALTER TABLE ONLY public.bookings ALTER COLUMN id SET DEFAULT nextval('public.bookings_id_seq'::regclass);


--
-- TOC entry 4840 (class 2604 OID 17551)
-- Name: cities id; Type: DEFAULT; Schema: public; Owner: postgres
--

ALTER TABLE ONLY public.cities ALTER COLUMN id SET DEFAULT nextval('public.cities_id_seq'::regclass);


--
-- TOC entry 4839 (class 2604 OID 17542)
-- Name: countries id; Type: DEFAULT; Schema: public; Owner: postgres
--

ALTER TABLE ONLY public.countries ALTER COLUMN id SET DEFAULT nextval('public.countries_id_seq'::regclass);


--
-- TOC entry 4843 (class 2604 OID 17588)
-- Name: flight_classes id; Type: DEFAULT; Schema: public; Owner: postgres
--

ALTER TABLE ONLY public.flight_classes ALTER COLUMN id SET DEFAULT nextval('public.flight_classes_id_seq'::regclass);


--
-- TOC entry 4849 (class 2604 OID 17666)
-- Name: flight_schedules id; Type: DEFAULT; Schema: public; Owner: postgres
--

ALTER TABLE ONLY public.flight_schedules ALTER COLUMN id SET DEFAULT nextval('public.flight_schedules_id_seq'::regclass);


--
-- TOC entry 4848 (class 2604 OID 17644)
-- Name: flights id; Type: DEFAULT; Schema: public; Owner: postgres
--

ALTER TABLE ONLY public.flights ALTER COLUMN id SET DEFAULT nextval('public.flights_id_seq'::regclass);


--
-- TOC entry 4847 (class 2604 OID 17635)
-- Name: passengers id; Type: DEFAULT; Schema: public; Owner: postgres
--

ALTER TABLE ONLY public.passengers ALTER COLUMN id SET DEFAULT nextval('public.passengers_id_seq'::regclass);


--
-- TOC entry 4846 (class 2604 OID 17616)
-- Name: seats id; Type: DEFAULT; Schema: public; Owner: postgres
--

ALTER TABLE ONLY public.seats ALTER COLUMN id SET DEFAULT nextval('public.seats_id_seq'::regclass);


--
-- TOC entry 5112 (class 0 OID 17576)
-- Dependencies: 222
-- Data for Name: airlines; Type: TABLE DATA; Schema: public; Owner: postgres
--

COPY public.airlines (id, name, iata_code) FROM stdin;
1	Аэрофлот	SU
2	Delta Airlines	DL
3	Lufthansa	LH
4	Air France	AF
5	China Eastern	MU
\.


--
-- TOC entry 5116 (class 0 OID 17594)
-- Dependencies: 226
-- Data for Name: airplane_models; Type: TABLE DATA; Schema: public; Owner: postgres
--

COPY public.airplane_models (id, name, seat_capacity) FROM stdin;
2	Airbus A320	150
4	Airbus A380	500
5	Sukhoi Superjet	100
1	Boeing 737-800	165
3	Boeing 787	153
\.


--
-- TOC entry 5118 (class 0 OID 17601)
-- Dependencies: 228
-- Data for Name: airplanes; Type: TABLE DATA; Schema: public; Owner: postgres
--

COPY public.airplanes (id, model_id) FROM stdin;
1	1
2	1
3	2
4	3
5	4
\.


--
-- TOC entry 5110 (class 0 OID 17562)
-- Dependencies: 220
-- Data for Name: airports; Type: TABLE DATA; Schema: public; Owner: postgres
--

COPY public.airports (id, name, city_id, iata_code) FROM stdin;
1	Шереметьево	1	SVO
2	Пулково	2	LED
3	JFK	3	JFK
4	LAX	4	LAX
5	Тегель	5	TXL
\.


--
-- TOC entry 5136 (class 0 OID 17727)
-- Dependencies: 246
-- Data for Name: auth_group; Type: TABLE DATA; Schema: public; Owner: postgres
--

COPY public.auth_group (id, name) FROM stdin;
\.


--
-- TOC entry 5138 (class 0 OID 17735)
-- Dependencies: 248
-- Data for Name: auth_group_permissions; Type: TABLE DATA; Schema: public; Owner: postgres
--

COPY public.auth_group_permissions (id, group_id, permission_id) FROM stdin;
\.


--
-- TOC entry 5134 (class 0 OID 17721)
-- Dependencies: 244
-- Data for Name: auth_permission; Type: TABLE DATA; Schema: public; Owner: postgres
--

COPY public.auth_permission (id, name, content_type_id, codename) FROM stdin;
1	Can add log entry	1	add_logentry
2	Can change log entry	1	change_logentry
3	Can delete log entry	1	delete_logentry
4	Can view log entry	1	view_logentry
5	Can add permission	2	add_permission
6	Can change permission	2	change_permission
7	Can delete permission	2	delete_permission
8	Can view permission	2	view_permission
9	Can add group	3	add_group
10	Can change group	3	change_group
11	Can delete group	3	delete_group
12	Can view group	3	view_group
13	Can add user	4	add_user
14	Can change user	4	change_user
15	Can delete user	4	delete_user
16	Can view user	4	view_user
17	Can add content type	5	add_contenttype
18	Can change content type	5	change_contenttype
19	Can delete content type	5	delete_contenttype
20	Can view content type	5	view_contenttype
21	Can add seat	6	add_seat
22	Can change seat	6	change_seat
23	Can delete seat	6	delete_seat
24	Can view seat	6	view_seat
25	Can add flight class	7	add_flightclass
26	Can change flight class	7	change_flightclass
27	Can delete flight class	7	delete_flightclass
28	Can view flight class	7	view_flightclass
29	Can add passenger	8	add_passenger
30	Can change passenger	8	change_passenger
31	Can delete passenger	8	delete_passenger
32	Can view passenger	8	view_passenger
33	Can add booking	9	add_booking
34	Can change booking	9	change_booking
35	Can delete booking	9	delete_booking
36	Can view booking	9	view_booking
37	Can add city	10	add_city
38	Can change city	10	change_city
39	Can delete city	10	delete_city
40	Can view city	10	view_city
41	Can add country	11	add_country
42	Can change country	11	change_country
43	Can delete country	11	delete_country
44	Can view country	11	view_country
45	Can add airplane model	12	add_airplanemodel
46	Can change airplane model	12	change_airplanemodel
47	Can delete airplane model	12	delete_airplanemodel
48	Can view airplane model	12	view_airplanemodel
49	Can add flight schedule	13	add_flightschedule
50	Can change flight schedule	13	change_flightschedule
51	Can delete flight schedule	13	delete_flightschedule
52	Can view flight schedule	13	view_flightschedule
53	Can add airline	14	add_airline
54	Can change airline	14	change_airline
55	Can delete airline	14	delete_airline
56	Can view airline	14	view_airline
57	Can add airplane	15	add_airplane
58	Can change airplane	15	change_airplane
59	Can delete airplane	15	delete_airplane
60	Can view airplane	15	view_airplane
61	Can add airport	16	add_airport
62	Can change airport	16	change_airport
63	Can delete airport	16	delete_airport
64	Can view airport	16	view_airport
65	Can add flight	17	add_flight
66	Can change flight	17	change_flight
67	Can delete flight	17	delete_flight
68	Can view flight	17	view_flight
69	Can add session	18	add_session
70	Can change session	18	change_session
71	Can delete session	18	delete_session
72	Can view session	18	view_session
\.


--
-- TOC entry 5140 (class 0 OID 17741)
-- Dependencies: 250
-- Data for Name: auth_user; Type: TABLE DATA; Schema: public; Owner: postgres
--

COPY public.auth_user (id, password, last_login, is_superuser, username, first_name, last_name, email, is_staff, is_active, date_joined) FROM stdin;
1	pbkdf2_sha256$1000000$h6guSZYrNBiElEajuy9GZd$J7YG1Bt7/w6pfyeBTwR1awIUGonlWN6hNOzgt/Q8fIc=	2025-04-26 17:45:33.131753+03	t	admin			admin@bk.ru	t	t	2025-04-26 14:51:28.532942+03
\.


--
-- TOC entry 5142 (class 0 OID 17749)
-- Dependencies: 252
-- Data for Name: auth_user_groups; Type: TABLE DATA; Schema: public; Owner: postgres
--

COPY public.auth_user_groups (id, user_id, group_id) FROM stdin;
\.


--
-- TOC entry 5144 (class 0 OID 17755)
-- Dependencies: 254
-- Data for Name: auth_user_user_permissions; Type: TABLE DATA; Schema: public; Owner: postgres
--

COPY public.auth_user_user_permissions (id, user_id, permission_id) FROM stdin;
\.


--
-- TOC entry 5128 (class 0 OID 17680)
-- Dependencies: 238
-- Data for Name: bookings; Type: TABLE DATA; Schema: public; Owner: postgres
--

COPY public.bookings (id, flight_schedule_id, seat_id, passenger_id, price, status) FROM stdin;
1	1	1	2	35000.00	reserved
2	1	2	3	45000.00	paid
3	1	3	4	25000.00	reserved
4	1	4	5	35000.00	paid
5	1	5	1	45000.00	reserved
6	1	6	2	25000.00	paid
7	1	7	3	35000.00	reserved
8	1	8	4	45000.00	paid
9	1	9	5	25000.00	reserved
10	1	10	1	35000.00	paid
11	1	11	2	45000.00	reserved
12	1	12	3	25000.00	paid
13	1	13	4	35000.00	reserved
14	1	14	5	45000.00	paid
15	1	15	1	25000.00	reserved
16	1	16	2	35000.00	paid
17	1	17	3	45000.00	reserved
18	1	18	4	25000.00	paid
19	1	19	5	35000.00	reserved
20	1	20	1	45000.00	paid
21	1	21	2	25000.00	reserved
22	1	22	3	35000.00	paid
23	1	23	4	45000.00	reserved
24	1	24	5	25000.00	paid
25	1	25	1	35000.00	reserved
26	1	26	2	45000.00	paid
27	1	27	3	25000.00	reserved
28	1	28	4	35000.00	paid
29	1	29	5	45000.00	reserved
30	1	30	1	25000.00	paid
31	1	31	2	35000.00	reserved
32	1	32	3	45000.00	paid
33	1	33	4	25000.00	reserved
34	1	34	5	35000.00	paid
35	1	35	1	45000.00	reserved
36	1	36	2	25000.00	paid
37	1	37	3	35000.00	reserved
38	1	38	4	45000.00	paid
39	1	39	5	25000.00	reserved
40	1	40	1	35000.00	paid
41	1	41	2	45000.00	reserved
42	1	42	3	25000.00	paid
43	1	43	4	35000.00	reserved
44	1	44	5	45000.00	paid
45	1	45	1	25000.00	reserved
46	1	46	2	35000.00	paid
47	1	47	3	45000.00	reserved
48	1	48	4	25000.00	paid
49	1	49	5	35000.00	reserved
50	1	50	1	45000.00	paid
51	1	51	2	25000.00	reserved
52	1	52	3	35000.00	paid
53	1	53	4	45000.00	reserved
54	1	54	5	25000.00	paid
55	1	55	1	35000.00	reserved
56	1	56	2	45000.00	paid
57	1	57	3	25000.00	reserved
58	1	58	4	35000.00	paid
59	1	59	5	45000.00	reserved
60	1	60	1	25000.00	paid
61	1	61	2	35000.00	reserved
62	1	62	3	45000.00	paid
63	1	63	4	25000.00	reserved
64	1	64	5	35000.00	paid
65	1	65	1	45000.00	reserved
66	1	66	2	25000.00	paid
67	1	67	3	35000.00	reserved
68	1	68	4	45000.00	paid
69	1	69	5	25000.00	reserved
70	1	70	1	35000.00	paid
71	1	71	2	45000.00	reserved
72	1	72	3	25000.00	paid
73	1	73	4	35000.00	reserved
74	1	74	5	45000.00	paid
75	1	75	1	25000.00	reserved
76	1	76	2	35000.00	paid
77	1	77	3	45000.00	reserved
78	1	78	4	25000.00	paid
79	1	79	5	35000.00	reserved
80	1	80	1	45000.00	paid
81	1	81	2	25000.00	reserved
82	1	82	3	35000.00	paid
83	1	83	4	45000.00	reserved
84	1	84	5	25000.00	paid
85	1	85	1	35000.00	reserved
86	1	86	2	45000.00	paid
87	1	87	3	25000.00	reserved
88	1	88	4	35000.00	paid
89	1	89	5	45000.00	reserved
90	1	90	1	25000.00	paid
91	1	91	2	35000.00	reserved
92	1	92	3	45000.00	paid
93	1	93	4	25000.00	reserved
94	1	94	5	35000.00	paid
95	1	95	1	45000.00	reserved
96	1	96	2	25000.00	paid
97	1	97	3	35000.00	reserved
98	1	98	4	45000.00	paid
99	1	99	5	25000.00	reserved
100	1	100	1	35000.00	paid
101	1	101	2	45000.00	reserved
102	1	102	3	25000.00	paid
103	1	103	4	35000.00	reserved
104	1	104	5	45000.00	paid
105	1	105	1	25000.00	reserved
106	1	106	2	35000.00	paid
107	1	107	3	45000.00	reserved
108	1	108	4	25000.00	paid
109	1	109	5	35000.00	reserved
110	1	110	1	45000.00	paid
111	1	111	2	25000.00	reserved
112	1	112	3	35000.00	paid
113	1	113	4	45000.00	reserved
114	1	114	5	25000.00	paid
115	1	115	1	35000.00	reserved
116	1	116	2	45000.00	paid
117	1	117	3	25000.00	reserved
118	1	118	4	35000.00	paid
119	1	119	5	45000.00	reserved
120	1	120	1	25000.00	paid
121	1	121	2	35000.00	reserved
122	1	122	3	45000.00	paid
123	1	123	4	25000.00	reserved
124	1	124	5	35000.00	paid
125	1	125	1	45000.00	reserved
126	1	126	2	25000.00	paid
127	1	127	3	35000.00	reserved
128	1	128	4	45000.00	paid
129	1	129	5	25000.00	reserved
130	1	130	1	35000.00	paid
131	1	131	2	45000.00	reserved
132	1	132	3	25000.00	paid
133	1	133	4	35000.00	reserved
134	1	134	5	45000.00	paid
135	1	135	1	25000.00	reserved
136	1	136	2	35000.00	paid
137	1	137	3	45000.00	reserved
138	1	138	4	25000.00	paid
139	1	139	5	35000.00	reserved
140	1	140	1	45000.00	paid
141	1	141	2	25000.00	reserved
142	1	142	3	35000.00	paid
143	1	143	4	45000.00	reserved
144	1	144	5	25000.00	paid
145	1	145	1	35000.00	reserved
146	1	146	2	45000.00	paid
147	1	147	3	25000.00	reserved
148	1	148	4	35000.00	paid
149	1	149	5	45000.00	reserved
150	1	150	1	25000.00	paid
151	1	151	2	35000.00	reserved
152	1	152	3	45000.00	paid
153	1	153	4	25000.00	reserved
154	1	154	5	35000.00	paid
155	1	155	1	45000.00	reserved
156	1	156	2	25000.00	paid
157	1	157	3	35000.00	reserved
158	1	158	4	45000.00	paid
159	1	159	5	25000.00	reserved
160	1	160	1	35000.00	paid
161	1	161	2	45000.00	reserved
162	1	162	3	25000.00	paid
163	1	163	4	35000.00	reserved
164	1	164	5	45000.00	paid
165	1	165	1	25000.00	reserved
166	3	15	3	42000.00	paid
167	4	20	4	55000.00	reserved
168	5	25	5	48000.00	paid
169	4	166	2	35166.00	paid
170	4	167	3	35167.00	paid
171	4	168	4	35168.00	paid
172	4	169	5	35169.00	paid
173	4	170	1	35170.00	paid
174	4	171	2	35171.00	paid
175	4	172	3	35172.00	paid
176	4	173	4	35173.00	paid
177	4	174	5	35174.00	paid
178	4	175	1	35175.00	paid
179	4	176	2	35176.00	paid
180	4	177	3	35177.00	paid
181	4	178	4	35178.00	paid
182	4	179	5	35179.00	paid
183	4	180	1	35180.00	paid
184	4	181	2	35181.00	paid
185	4	182	3	35182.00	paid
186	4	183	4	35183.00	paid
187	4	184	5	35184.00	paid
188	4	185	1	35185.00	paid
189	4	186	2	35186.00	paid
190	4	187	3	35187.00	paid
191	4	188	4	35188.00	paid
192	4	189	5	35189.00	paid
193	4	190	1	35190.00	paid
194	4	191	2	35191.00	paid
195	4	192	3	35192.00	paid
196	4	193	4	35193.00	paid
197	4	194	5	35194.00	paid
198	4	195	1	35195.00	paid
199	4	196	2	35196.00	paid
200	4	197	3	35197.00	paid
201	4	198	4	35198.00	paid
202	4	199	5	35199.00	paid
203	4	200	1	35200.00	paid
204	4	201	2	35201.00	paid
205	4	202	3	35202.00	paid
206	4	203	4	35203.00	paid
207	4	204	5	35204.00	paid
208	4	205	1	35205.00	paid
209	4	206	2	35206.00	paid
210	4	207	3	35207.00	paid
211	4	208	4	35208.00	paid
212	4	209	5	35209.00	paid
213	4	210	1	35210.00	paid
214	4	211	2	35211.00	paid
215	4	212	3	35212.00	paid
216	4	213	4	35213.00	paid
217	4	214	5	35214.00	paid
218	4	215	1	35215.00	paid
219	4	216	2	35216.00	paid
220	4	217	3	35217.00	paid
221	4	218	4	35218.00	paid
222	4	219	5	35219.00	paid
223	4	220	1	35220.00	paid
224	4	221	2	35221.00	paid
225	4	222	3	35222.00	paid
226	4	223	4	35223.00	paid
227	4	224	5	35224.00	paid
228	4	225	1	35225.00	paid
229	4	226	2	35226.00	paid
230	4	227	3	35227.00	paid
231	4	228	4	35228.00	paid
232	4	229	5	35229.00	paid
233	4	230	1	35230.00	paid
234	4	231	2	35231.00	paid
235	4	232	3	35232.00	paid
236	4	233	4	35233.00	paid
237	4	234	5	35234.00	paid
238	4	235	1	35235.00	paid
239	4	236	2	35236.00	paid
240	4	237	3	35237.00	paid
241	4	238	4	35238.00	paid
242	4	239	5	35239.00	paid
243	4	240	1	35240.00	paid
244	4	241	2	35241.00	paid
\.


--
-- TOC entry 5108 (class 0 OID 17548)
-- Dependencies: 218
-- Data for Name: cities; Type: TABLE DATA; Schema: public; Owner: postgres
--

COPY public.cities (id, name, country_id) FROM stdin;
1	Москва	1
2	Санкт-Петербург	1
3	Нью-Йорк	2
4	Лос-Анджелес	2
5	Берлин	3
\.


--
-- TOC entry 5106 (class 0 OID 17539)
-- Dependencies: 216
-- Data for Name: countries; Type: TABLE DATA; Schema: public; Owner: postgres
--

COPY public.countries (id, name) FROM stdin;
1	Россия
2	США
3	Германия
4	Франция
5	Китай
\.


--
-- TOC entry 5146 (class 0 OID 17813)
-- Dependencies: 256
-- Data for Name: django_admin_log; Type: TABLE DATA; Schema: public; Owner: postgres
--

COPY public.django_admin_log (id, action_time, object_id, object_repr, action_flag, change_message, content_type_id, user_id) FROM stdin;
\.


--
-- TOC entry 5132 (class 0 OID 17713)
-- Dependencies: 242
-- Data for Name: django_content_type; Type: TABLE DATA; Schema: public; Owner: postgres
--

COPY public.django_content_type (id, app_label, model) FROM stdin;
1	admin	logentry
2	auth	permission
3	auth	group
4	auth	user
5	contenttypes	contenttype
6	booking	seat
7	booking	flightclass
8	booking	passenger
9	booking	booking
10	booking	city
11	booking	country
12	booking	airplanemodel
13	booking	flightschedule
14	booking	airline
15	booking	airplane
16	booking	airport
17	booking	flight
18	sessions	session
\.


--
-- TOC entry 5130 (class 0 OID 17705)
-- Dependencies: 240
-- Data for Name: django_migrations; Type: TABLE DATA; Schema: public; Owner: postgres
--

COPY public.django_migrations (id, app, name, applied) FROM stdin;
1	contenttypes	0001_initial	2025-04-26 14:42:51.866129+03
2	auth	0001_initial	2025-04-26 14:42:51.934824+03
3	admin	0001_initial	2025-04-26 14:42:51.950546+03
4	admin	0002_logentry_remove_auto_add	2025-04-26 14:42:51.95703+03
5	admin	0003_logentry_add_action_flag_choices	2025-04-26 14:42:51.962048+03
6	contenttypes	0002_remove_content_type_name	2025-04-26 14:42:51.970045+03
7	auth	0002_alter_permission_name_max_length	2025-04-26 14:42:51.976167+03
8	auth	0003_alter_user_email_max_length	2025-04-26 14:42:51.980213+03
9	auth	0004_alter_user_username_opts	2025-04-26 14:42:51.98521+03
10	auth	0005_alter_user_last_login_null	2025-04-26 14:42:51.990423+03
11	auth	0006_require_contenttypes_0002	2025-04-26 14:42:51.991426+03
12	auth	0007_alter_validators_add_error_messages	2025-04-26 14:42:51.996432+03
13	auth	0008_alter_user_username_max_length	2025-04-26 14:42:52.005352+03
14	auth	0009_alter_user_last_name_max_length	2025-04-26 14:42:52.010374+03
15	auth	0010_alter_group_name_max_length	2025-04-26 14:42:52.016409+03
16	auth	0011_update_proxy_permissions	2025-04-26 14:42:52.021874+03
17	auth	0012_alter_user_first_name_max_length	2025-04-26 14:42:52.026925+03
19	booking	0001_initial	2025-04-26 14:45:43.637644+03
20	sessions	0001_initial	2025-04-26 14:45:43.655301+03
\.


--
-- TOC entry 5147 (class 0 OID 18014)
-- Dependencies: 257
-- Data for Name: django_session; Type: TABLE DATA; Schema: public; Owner: postgres
--

COPY public.django_session (session_key, session_data, expire_date) FROM stdin;
kk9a4upa2ndmvh5cug4puh575z3f03xx	.eJxVjEEOwiAQRe_C2hDsAAMu3XsGwjAgVUOT0q6MdzckXej2v_f-W4S4bzXsPa9hZnERZ3H63SimZ24D8CO2-yLT0rZ1JjkUedAubwvn1_Vw_w5q7HXUXDImw2AzGtLaUHEwWYq6-OLBRzSWtVUIilChYg2TAUeuGPZglfh8Ae8aN1s:1u8e4L:Ov-Sws2vJO_MNFIW8x-ZmFNCItMl5qF3MTCQ8RRWfZA	2025-05-10 14:51:41.549107+03
ek7s0os86gz4vfphsuruwzwozubywvkq	.eJxVjEEOwiAQRe_C2hDsAAMu3XsGwjAgVUOT0q6MdzckXej2v_f-W4S4bzXsPa9hZnERZ3H63SimZ24D8CO2-yLT0rZ1JjkUedAubwvn1_Vw_w5q7HXUXDImw2AzGtLaUHEwWYq6-OLBRzSWtVUIilChYg2TAUeuGPZglfh8Ae8aN1s:1u8gmb:5LiqSQ0fEMFJ9W8hDmlhE5D8X_3ITv18Ny3Ce-dFv1o	2025-05-10 17:45:33.134827+03
\.


--
-- TOC entry 5114 (class 0 OID 17585)
-- Dependencies: 224
-- Data for Name: flight_classes; Type: TABLE DATA; Schema: public; Owner: postgres
--

COPY public.flight_classes (id, name) FROM stdin;
1	Economy
2	Business
3	First
\.


--
-- TOC entry 5126 (class 0 OID 17663)
-- Dependencies: 236
-- Data for Name: flight_schedules; Type: TABLE DATA; Schema: public; Owner: postgres
--

COPY public.flight_schedules (id, flight_id, departure_time, arrival_time, airplane_id) FROM stdin;
1	1	2024-01-10 10:00:00	2024-01-10 14:00:00	1
2	2	2024-01-11 12:00:00	2024-01-11 15:00:00	2
3	3	2024-01-12 08:00:00	2024-01-12 11:00:00	3
4	4	2024-01-13 16:00:00	2024-01-13 19:00:00	4
5	5	2024-01-14 09:00:00	2024-01-14 12:00:00	5
\.


--
-- TOC entry 5124 (class 0 OID 17641)
-- Dependencies: 234
-- Data for Name: flights; Type: TABLE DATA; Schema: public; Owner: postgres
--

COPY public.flights (id, flight_number, airline_id, departure_airport_id, arrival_airport_id) FROM stdin;
1	SU100	1	1	3
2	DL200	2	3	4
3	LH300	3	5	1
4	AF400	4	1	5
5	MU500	5	3	5
\.


--
-- TOC entry 5122 (class 0 OID 17632)
-- Dependencies: 232
-- Data for Name: passengers; Type: TABLE DATA; Schema: public; Owner: postgres
--

COPY public.passengers (id, full_name, passport_number) FROM stdin;
1	Иванов Иван Иванович	1234567890
2	Петров Петр Петрович	0987654321
3	Сидорова Анна Сергеевна	1122334455
4	Козлов Дмитрий Викторович	5566778899
5	Смирнова Ольга Александровна	4433221100
\.


--
-- TOC entry 5120 (class 0 OID 17613)
-- Dependencies: 230
-- Data for Name: seats; Type: TABLE DATA; Schema: public; Owner: postgres
--

COPY public.seats (id, airplane_id, flight_class_id, row_number, seat_code) FROM stdin;
1	1	2	1	1A
2	1	2	1	1B
3	1	2	1	1C
4	1	2	2	2A
5	1	2	2	2B
6	1	2	2	2C
7	1	2	3	3A
8	1	2	3	3B
9	1	2	3	3C
10	1	2	4	4A
11	1	2	4	4B
12	1	2	4	4C
13	1	2	5	5A
14	1	2	5	5B
15	1	2	5	5C
16	1	1	6	6A
17	1	1	6	6B
18	1	1	6	6C
19	1	1	6	6D
20	1	1	6	6E
21	1	1	6	6F
22	1	1	7	7A
23	1	1	7	7B
24	1	1	7	7C
25	1	1	7	7D
26	1	1	7	7E
27	1	1	7	7F
28	1	1	8	8A
29	1	1	8	8B
30	1	1	8	8C
31	1	1	8	8D
32	1	1	8	8E
33	1	1	8	8F
34	1	1	9	9A
35	1	1	9	9B
36	1	1	9	9C
37	1	1	9	9D
38	1	1	9	9E
39	1	1	9	9F
40	1	1	10	10A
41	1	1	10	10B
42	1	1	10	10C
43	1	1	10	10D
44	1	1	10	10E
45	1	1	10	10F
46	1	1	11	11A
47	1	1	11	11B
48	1	1	11	11C
49	1	1	11	11D
50	1	1	11	11E
51	1	1	11	11F
52	1	1	12	12A
53	1	1	12	12B
54	1	1	12	12C
55	1	1	12	12D
56	1	1	12	12E
57	1	1	12	12F
58	1	1	13	13A
59	1	1	13	13B
60	1	1	13	13C
61	1	1	13	13D
62	1	1	13	13E
63	1	1	13	13F
64	1	1	14	14A
65	1	1	14	14B
66	1	1	14	14C
67	1	1	14	14D
68	1	1	14	14E
69	1	1	14	14F
70	1	1	15	15A
71	1	1	15	15B
72	1	1	15	15C
73	1	1	15	15D
74	1	1	15	15E
75	1	1	15	15F
76	1	1	16	16A
77	1	1	16	16B
78	1	1	16	16C
79	1	1	16	16D
80	1	1	16	16E
81	1	1	16	16F
82	1	1	17	17A
83	1	1	17	17B
84	1	1	17	17C
85	1	1	17	17D
86	1	1	17	17E
87	1	1	17	17F
88	1	1	18	18A
89	1	1	18	18B
90	1	1	18	18C
91	1	1	18	18D
92	1	1	18	18E
93	1	1	18	18F
94	1	1	19	19A
95	1	1	19	19B
96	1	1	19	19C
97	1	1	19	19D
98	1	1	19	19E
99	1	1	19	19F
100	1	1	20	20A
101	1	1	20	20B
102	1	1	20	20C
103	1	1	20	20D
104	1	1	20	20E
105	1	1	20	20F
106	1	1	21	21A
107	1	1	21	21B
108	1	1	21	21C
109	1	1	21	21D
110	1	1	21	21E
111	1	1	21	21F
112	1	1	22	22A
113	1	1	22	22B
114	1	1	22	22C
115	1	1	22	22D
116	1	1	22	22E
117	1	1	22	22F
118	1	1	23	23A
119	1	1	23	23B
120	1	1	23	23C
121	1	1	23	23D
122	1	1	23	23E
123	1	1	23	23F
124	1	1	24	24A
125	1	1	24	24B
126	1	1	24	24C
127	1	1	24	24D
128	1	1	24	24E
129	1	1	24	24F
130	1	1	25	25A
131	1	1	25	25B
132	1	1	25	25C
133	1	1	25	25D
134	1	1	25	25E
135	1	1	25	25F
136	1	1	26	26A
137	1	1	26	26B
138	1	1	26	26C
139	1	1	26	26D
140	1	1	26	26E
141	1	1	26	26F
142	1	1	27	27A
143	1	1	27	27B
144	1	1	27	27C
145	1	1	27	27D
146	1	1	27	27E
147	1	1	27	27F
148	1	1	28	28A
149	1	1	28	28B
150	1	1	28	28C
151	1	1	28	28D
152	1	1	28	28E
153	1	1	28	28F
154	1	1	29	29A
155	1	1	29	29B
156	1	1	29	29C
157	1	1	29	29D
158	1	1	29	29E
159	1	1	29	29F
160	1	1	30	30A
161	1	1	30	30B
162	1	1	30	30C
163	1	1	30	30D
164	1	1	30	30E
165	1	1	30	30F
166	4	3	1	1A
167	4	3	1	1B
168	4	3	1	1C
169	4	3	2	2A
170	4	3	2	2B
171	4	3	2	2C
172	4	3	3	3A
173	4	3	3	3B
174	4	3	3	3C
175	4	2	4	4A
176	4	2	4	4B
177	4	2	4	4C
178	4	2	4	4D
179	4	2	5	5A
180	4	2	5	5B
181	4	2	5	5C
182	4	2	5	5D
183	4	2	6	6A
184	4	2	6	6B
185	4	2	6	6C
186	4	2	6	6D
187	4	2	7	7A
188	4	2	7	7B
189	4	2	7	7C
190	4	2	7	7D
191	4	2	8	8A
192	4	2	8	8B
193	4	2	8	8C
194	4	2	8	8D
195	4	2	9	9A
196	4	2	9	9B
197	4	2	9	9C
198	4	2	9	9D
199	4	2	10	10A
200	4	2	10	10B
201	4	2	10	10C
202	4	2	10	10D
203	4	2	11	11A
204	4	2	11	11B
205	4	2	11	11C
206	4	2	11	11D
207	4	2	12	12A
208	4	2	12	12B
209	4	2	12	12C
210	4	2	12	12D
211	4	2	13	13A
212	4	2	13	13B
213	4	2	13	13C
214	4	2	13	13D
215	4	2	14	14A
216	4	2	14	14B
217	4	2	14	14C
218	4	2	14	14D
219	4	2	15	15A
220	4	2	15	15B
221	4	2	15	15C
222	4	2	15	15D
223	4	2	16	16A
224	4	2	16	16B
225	4	2	16	16C
226	4	2	16	16D
227	4	2	17	17A
228	4	2	17	17B
229	4	2	17	17C
230	4	2	17	17D
231	4	2	18	18A
232	4	2	18	18B
233	4	2	18	18C
234	4	2	18	18D
235	4	1	19	19A
236	4	1	19	19B
237	4	1	19	19C
238	4	1	19	19D
239	4	1	19	19E
240	4	1	19	19F
241	4	1	19	19K
242	4	1	20	20A
243	4	1	20	20B
244	4	1	20	20C
245	4	1	20	20D
246	4	1	20	20E
247	4	1	20	20F
248	4	1	20	20K
249	4	1	21	21A
250	4	1	21	21B
251	4	1	21	21C
252	4	1	21	21D
253	4	1	21	21E
254	4	1	21	21F
255	4	1	21	21K
256	4	1	22	22A
257	4	1	22	22B
258	4	1	22	22C
259	4	1	22	22D
260	4	1	22	22E
261	4	1	22	22F
262	4	1	22	22K
263	4	1	23	23A
264	4	1	23	23B
265	4	1	23	23C
266	4	1	23	23D
267	4	1	23	23E
268	4	1	23	23F
269	4	1	23	23K
270	4	1	24	24A
271	4	1	24	24B
272	4	1	24	24C
273	4	1	24	24D
274	4	1	24	24E
275	4	1	24	24F
276	4	1	24	24K
277	4	1	25	25A
278	4	1	25	25B
279	4	1	25	25C
280	4	1	25	25D
281	4	1	25	25E
282	4	1	25	25F
283	4	1	25	25K
284	4	1	26	26A
285	4	1	26	26B
286	4	1	26	26C
287	4	1	26	26D
288	4	1	26	26E
289	4	1	26	26F
290	4	1	26	26K
291	4	1	27	27A
292	4	1	27	27B
293	4	1	27	27C
294	4	1	27	27D
295	4	1	27	27E
296	4	1	27	27F
297	4	1	27	27K
298	4	1	28	28A
299	4	1	28	28B
300	4	1	28	28C
301	4	1	28	28D
302	4	1	28	28E
303	4	1	28	28F
304	4	1	28	28K
305	4	1	29	29A
306	4	1	29	29B
307	4	1	29	29C
308	4	1	29	29D
309	4	1	29	29E
310	4	1	29	29F
311	4	1	29	29K
312	4	1	30	30A
313	4	1	30	30B
314	4	1	30	30C
315	4	1	30	30D
316	4	1	30	30E
317	4	1	30	30F
318	4	1	30	30K
\.


--
-- TOC entry 5165 (class 0 OID 0)
-- Dependencies: 221
-- Name: airlines_id_seq; Type: SEQUENCE SET; Schema: public; Owner: postgres
--

SELECT pg_catalog.setval('public.airlines_id_seq', 5, true);


--
-- TOC entry 5166 (class 0 OID 0)
-- Dependencies: 225
-- Name: airplane_models_id_seq; Type: SEQUENCE SET; Schema: public; Owner: postgres
--

SELECT pg_catalog.setval('public.airplane_models_id_seq', 5, true);


--
-- TOC entry 5167 (class 0 OID 0)
-- Dependencies: 227
-- Name: airplanes_id_seq; Type: SEQUENCE SET; Schema: public; Owner: postgres
--

SELECT pg_catalog.setval('public.airplanes_id_seq', 5, true);


--
-- TOC entry 5168 (class 0 OID 0)
-- Dependencies: 219
-- Name: airports_id_seq; Type: SEQUENCE SET; Schema: public; Owner: postgres
--

SELECT pg_catalog.setval('public.airports_id_seq', 5, true);


--
-- TOC entry 5169 (class 0 OID 0)
-- Dependencies: 245
-- Name: auth_group_id_seq; Type: SEQUENCE SET; Schema: public; Owner: postgres
--

SELECT pg_catalog.setval('public.auth_group_id_seq', 1, false);


--
-- TOC entry 5170 (class 0 OID 0)
-- Dependencies: 247
-- Name: auth_group_permissions_id_seq; Type: SEQUENCE SET; Schema: public; Owner: postgres
--

SELECT pg_catalog.setval('public.auth_group_permissions_id_seq', 1, false);


--
-- TOC entry 5171 (class 0 OID 0)
-- Dependencies: 243
-- Name: auth_permission_id_seq; Type: SEQUENCE SET; Schema: public; Owner: postgres
--

SELECT pg_catalog.setval('public.auth_permission_id_seq', 72, true);


--
-- TOC entry 5172 (class 0 OID 0)
-- Dependencies: 251
-- Name: auth_user_groups_id_seq; Type: SEQUENCE SET; Schema: public; Owner: postgres
--

SELECT pg_catalog.setval('public.auth_user_groups_id_seq', 1, false);


--
-- TOC entry 5173 (class 0 OID 0)
-- Dependencies: 249
-- Name: auth_user_id_seq; Type: SEQUENCE SET; Schema: public; Owner: postgres
--

SELECT pg_catalog.setval('public.auth_user_id_seq', 1, true);


--
-- TOC entry 5174 (class 0 OID 0)
-- Dependencies: 253
-- Name: auth_user_user_permissions_id_seq; Type: SEQUENCE SET; Schema: public; Owner: postgres
--

SELECT pg_catalog.setval('public.auth_user_user_permissions_id_seq', 1, false);


--
-- TOC entry 5175 (class 0 OID 0)
-- Dependencies: 237
-- Name: bookings_id_seq; Type: SEQUENCE SET; Schema: public; Owner: postgres
--

SELECT pg_catalog.setval('public.bookings_id_seq', 244, true);


--
-- TOC entry 5176 (class 0 OID 0)
-- Dependencies: 217
-- Name: cities_id_seq; Type: SEQUENCE SET; Schema: public; Owner: postgres
--

SELECT pg_catalog.setval('public.cities_id_seq', 5, true);


--
-- TOC entry 5177 (class 0 OID 0)
-- Dependencies: 215
-- Name: countries_id_seq; Type: SEQUENCE SET; Schema: public; Owner: postgres
--

SELECT pg_catalog.setval('public.countries_id_seq', 6, true);


--
-- TOC entry 5178 (class 0 OID 0)
-- Dependencies: 255
-- Name: django_admin_log_id_seq; Type: SEQUENCE SET; Schema: public; Owner: postgres
--

SELECT pg_catalog.setval('public.django_admin_log_id_seq', 1, false);


--
-- TOC entry 5179 (class 0 OID 0)
-- Dependencies: 241
-- Name: django_content_type_id_seq; Type: SEQUENCE SET; Schema: public; Owner: postgres
--

SELECT pg_catalog.setval('public.django_content_type_id_seq', 18, true);


--
-- TOC entry 5180 (class 0 OID 0)
-- Dependencies: 239
-- Name: django_migrations_id_seq; Type: SEQUENCE SET; Schema: public; Owner: postgres
--

SELECT pg_catalog.setval('public.django_migrations_id_seq', 20, true);


--
-- TOC entry 5181 (class 0 OID 0)
-- Dependencies: 223
-- Name: flight_classes_id_seq; Type: SEQUENCE SET; Schema: public; Owner: postgres
--

SELECT pg_catalog.setval('public.flight_classes_id_seq', 3, true);


--
-- TOC entry 5182 (class 0 OID 0)
-- Dependencies: 235
-- Name: flight_schedules_id_seq; Type: SEQUENCE SET; Schema: public; Owner: postgres
--

SELECT pg_catalog.setval('public.flight_schedules_id_seq', 5, true);


--
-- TOC entry 5183 (class 0 OID 0)
-- Dependencies: 233
-- Name: flights_id_seq; Type: SEQUENCE SET; Schema: public; Owner: postgres
--

SELECT pg_catalog.setval('public.flights_id_seq', 5, true);


--
-- TOC entry 5184 (class 0 OID 0)
-- Dependencies: 231
-- Name: passengers_id_seq; Type: SEQUENCE SET; Schema: public; Owner: postgres
--

SELECT pg_catalog.setval('public.passengers_id_seq', 5, true);


--
-- TOC entry 5185 (class 0 OID 0)
-- Dependencies: 229
-- Name: seats_id_seq; Type: SEQUENCE SET; Schema: public; Owner: postgres
--

SELECT pg_catalog.setval('public.seats_id_seq', 318, true);


--
-- TOC entry 4866 (class 2606 OID 17583)
-- Name: airlines airlines_iata_code_key; Type: CONSTRAINT; Schema: public; Owner: postgres
--

ALTER TABLE ONLY public.airlines
    ADD CONSTRAINT airlines_iata_code_key UNIQUE (iata_code);


--
-- TOC entry 4868 (class 2606 OID 17581)
-- Name: airlines airlines_pkey; Type: CONSTRAINT; Schema: public; Owner: postgres
--

ALTER TABLE ONLY public.airlines
    ADD CONSTRAINT airlines_pkey PRIMARY KEY (id);


--
-- TOC entry 4874 (class 2606 OID 17599)
-- Name: airplane_models airplane_models_pkey; Type: CONSTRAINT; Schema: public; Owner: postgres
--

ALTER TABLE ONLY public.airplane_models
    ADD CONSTRAINT airplane_models_pkey PRIMARY KEY (id);


--
-- TOC entry 4876 (class 2606 OID 17606)
-- Name: airplanes airplanes_pkey; Type: CONSTRAINT; Schema: public; Owner: postgres
--

ALTER TABLE ONLY public.airplanes
    ADD CONSTRAINT airplanes_pkey PRIMARY KEY (id);


--
-- TOC entry 4862 (class 2606 OID 17569)
-- Name: airports airports_iata_code_key; Type: CONSTRAINT; Schema: public; Owner: postgres
--

ALTER TABLE ONLY public.airports
    ADD CONSTRAINT airports_iata_code_key UNIQUE (iata_code);


--
-- TOC entry 4864 (class 2606 OID 17567)
-- Name: airports airports_pkey; Type: CONSTRAINT; Schema: public; Owner: postgres
--

ALTER TABLE ONLY public.airports
    ADD CONSTRAINT airports_pkey PRIMARY KEY (id);


--
-- TOC entry 4906 (class 2606 OID 17839)
-- Name: auth_group auth_group_name_key; Type: CONSTRAINT; Schema: public; Owner: postgres
--

ALTER TABLE ONLY public.auth_group
    ADD CONSTRAINT auth_group_name_key UNIQUE (name);


--
-- TOC entry 4911 (class 2606 OID 17770)
-- Name: auth_group_permissions auth_group_permissions_group_id_permission_id_0cd325b0_uniq; Type: CONSTRAINT; Schema: public; Owner: postgres
--

ALTER TABLE ONLY public.auth_group_permissions
    ADD CONSTRAINT auth_group_permissions_group_id_permission_id_0cd325b0_uniq UNIQUE (group_id, permission_id);


--
-- TOC entry 4914 (class 2606 OID 17739)
-- Name: auth_group_permissions auth_group_permissions_pkey; Type: CONSTRAINT; Schema: public; Owner: postgres
--

ALTER TABLE ONLY public.auth_group_permissions
    ADD CONSTRAINT auth_group_permissions_pkey PRIMARY KEY (id);


--
-- TOC entry 4908 (class 2606 OID 17731)
-- Name: auth_group auth_group_pkey; Type: CONSTRAINT; Schema: public; Owner: postgres
--

ALTER TABLE ONLY public.auth_group
    ADD CONSTRAINT auth_group_pkey PRIMARY KEY (id);


--
-- TOC entry 4901 (class 2606 OID 17761)
-- Name: auth_permission auth_permission_content_type_id_codename_01ab375a_uniq; Type: CONSTRAINT; Schema: public; Owner: postgres
--

ALTER TABLE ONLY public.auth_permission
    ADD CONSTRAINT auth_permission_content_type_id_codename_01ab375a_uniq UNIQUE (content_type_id, codename);


--
-- TOC entry 4903 (class 2606 OID 17725)
-- Name: auth_permission auth_permission_pkey; Type: CONSTRAINT; Schema: public; Owner: postgres
--

ALTER TABLE ONLY public.auth_permission
    ADD CONSTRAINT auth_permission_pkey PRIMARY KEY (id);


--
-- TOC entry 4922 (class 2606 OID 17753)
-- Name: auth_user_groups auth_user_groups_pkey; Type: CONSTRAINT; Schema: public; Owner: postgres
--

ALTER TABLE ONLY public.auth_user_groups
    ADD CONSTRAINT auth_user_groups_pkey PRIMARY KEY (id);


--
-- TOC entry 4925 (class 2606 OID 17785)
-- Name: auth_user_groups auth_user_groups_user_id_group_id_94350c0c_uniq; Type: CONSTRAINT; Schema: public; Owner: postgres
--

ALTER TABLE ONLY public.auth_user_groups
    ADD CONSTRAINT auth_user_groups_user_id_group_id_94350c0c_uniq UNIQUE (user_id, group_id);


--
-- TOC entry 4916 (class 2606 OID 17745)
-- Name: auth_user auth_user_pkey; Type: CONSTRAINT; Schema: public; Owner: postgres
--

ALTER TABLE ONLY public.auth_user
    ADD CONSTRAINT auth_user_pkey PRIMARY KEY (id);


--
-- TOC entry 4928 (class 2606 OID 17759)
-- Name: auth_user_user_permissions auth_user_user_permissions_pkey; Type: CONSTRAINT; Schema: public; Owner: postgres
--

ALTER TABLE ONLY public.auth_user_user_permissions
    ADD CONSTRAINT auth_user_user_permissions_pkey PRIMARY KEY (id);


--
-- TOC entry 4931 (class 2606 OID 17799)
-- Name: auth_user_user_permissions auth_user_user_permissions_user_id_permission_id_14a6b632_uniq; Type: CONSTRAINT; Schema: public; Owner: postgres
--

ALTER TABLE ONLY public.auth_user_user_permissions
    ADD CONSTRAINT auth_user_user_permissions_user_id_permission_id_14a6b632_uniq UNIQUE (user_id, permission_id);


--
-- TOC entry 4919 (class 2606 OID 17834)
-- Name: auth_user auth_user_username_key; Type: CONSTRAINT; Schema: public; Owner: postgres
--

ALTER TABLE ONLY public.auth_user
    ADD CONSTRAINT auth_user_username_key UNIQUE (username);


--
-- TOC entry 4890 (class 2606 OID 17688)
-- Name: bookings bookings_flight_schedule_id_seat_id_key; Type: CONSTRAINT; Schema: public; Owner: postgres
--

ALTER TABLE ONLY public.bookings
    ADD CONSTRAINT bookings_flight_schedule_id_seat_id_key UNIQUE (flight_schedule_id, seat_id);


--
-- TOC entry 4892 (class 2606 OID 17686)
-- Name: bookings bookings_pkey; Type: CONSTRAINT; Schema: public; Owner: postgres
--

ALTER TABLE ONLY public.bookings
    ADD CONSTRAINT bookings_pkey PRIMARY KEY (id);


--
-- TOC entry 4858 (class 2606 OID 17555)
-- Name: cities cities_name_key; Type: CONSTRAINT; Schema: public; Owner: postgres
--

ALTER TABLE ONLY public.cities
    ADD CONSTRAINT cities_name_key UNIQUE (name);


--
-- TOC entry 4860 (class 2606 OID 17553)
-- Name: cities cities_pkey; Type: CONSTRAINT; Schema: public; Owner: postgres
--

ALTER TABLE ONLY public.cities
    ADD CONSTRAINT cities_pkey PRIMARY KEY (id);


--
-- TOC entry 4854 (class 2606 OID 17546)
-- Name: countries countries_name_key; Type: CONSTRAINT; Schema: public; Owner: postgres
--

ALTER TABLE ONLY public.countries
    ADD CONSTRAINT countries_name_key UNIQUE (name);


--
-- TOC entry 4856 (class 2606 OID 17544)
-- Name: countries countries_pkey; Type: CONSTRAINT; Schema: public; Owner: postgres
--

ALTER TABLE ONLY public.countries
    ADD CONSTRAINT countries_pkey PRIMARY KEY (id);


--
-- TOC entry 4934 (class 2606 OID 17820)
-- Name: django_admin_log django_admin_log_pkey; Type: CONSTRAINT; Schema: public; Owner: postgres
--

ALTER TABLE ONLY public.django_admin_log
    ADD CONSTRAINT django_admin_log_pkey PRIMARY KEY (id);


--
-- TOC entry 4896 (class 2606 OID 17719)
-- Name: django_content_type django_content_type_app_label_model_76bd3d3b_uniq; Type: CONSTRAINT; Schema: public; Owner: postgres
--

ALTER TABLE ONLY public.django_content_type
    ADD CONSTRAINT django_content_type_app_label_model_76bd3d3b_uniq UNIQUE (app_label, model);


--
-- TOC entry 4898 (class 2606 OID 17717)
-- Name: django_content_type django_content_type_pkey; Type: CONSTRAINT; Schema: public; Owner: postgres
--

ALTER TABLE ONLY public.django_content_type
    ADD CONSTRAINT django_content_type_pkey PRIMARY KEY (id);


--
-- TOC entry 4894 (class 2606 OID 17711)
-- Name: django_migrations django_migrations_pkey; Type: CONSTRAINT; Schema: public; Owner: postgres
--

ALTER TABLE ONLY public.django_migrations
    ADD CONSTRAINT django_migrations_pkey PRIMARY KEY (id);


--
-- TOC entry 4938 (class 2606 OID 18020)
-- Name: django_session django_session_pkey; Type: CONSTRAINT; Schema: public; Owner: postgres
--

ALTER TABLE ONLY public.django_session
    ADD CONSTRAINT django_session_pkey PRIMARY KEY (session_key);


--
-- TOC entry 4870 (class 2606 OID 17592)
-- Name: flight_classes flight_classes_name_key; Type: CONSTRAINT; Schema: public; Owner: postgres
--

ALTER TABLE ONLY public.flight_classes
    ADD CONSTRAINT flight_classes_name_key UNIQUE (name);


--
-- TOC entry 4872 (class 2606 OID 17590)
-- Name: flight_classes flight_classes_pkey; Type: CONSTRAINT; Schema: public; Owner: postgres
--

ALTER TABLE ONLY public.flight_classes
    ADD CONSTRAINT flight_classes_pkey PRIMARY KEY (id);


--
-- TOC entry 4888 (class 2606 OID 17668)
-- Name: flight_schedules flight_schedules_pkey; Type: CONSTRAINT; Schema: public; Owner: postgres
--

ALTER TABLE ONLY public.flight_schedules
    ADD CONSTRAINT flight_schedules_pkey PRIMARY KEY (id);


--
-- TOC entry 4886 (class 2606 OID 17646)
-- Name: flights flights_pkey; Type: CONSTRAINT; Schema: public; Owner: postgres
--

ALTER TABLE ONLY public.flights
    ADD CONSTRAINT flights_pkey PRIMARY KEY (id);


--
-- TOC entry 4882 (class 2606 OID 17639)
-- Name: passengers passengers_passport_number_key; Type: CONSTRAINT; Schema: public; Owner: postgres
--

ALTER TABLE ONLY public.passengers
    ADD CONSTRAINT passengers_passport_number_key UNIQUE (passport_number);


--
-- TOC entry 4884 (class 2606 OID 17637)
-- Name: passengers passengers_pkey; Type: CONSTRAINT; Schema: public; Owner: postgres
--

ALTER TABLE ONLY public.passengers
    ADD CONSTRAINT passengers_pkey PRIMARY KEY (id);


--
-- TOC entry 4878 (class 2606 OID 17620)
-- Name: seats seats_airplane_id_seat_code_key; Type: CONSTRAINT; Schema: public; Owner: postgres
--

ALTER TABLE ONLY public.seats
    ADD CONSTRAINT seats_airplane_id_seat_code_key UNIQUE (airplane_id, seat_code);


--
-- TOC entry 4880 (class 2606 OID 17618)
-- Name: seats seats_pkey; Type: CONSTRAINT; Schema: public; Owner: postgres
--

ALTER TABLE ONLY public.seats
    ADD CONSTRAINT seats_pkey PRIMARY KEY (id);


--
-- TOC entry 4904 (class 1259 OID 17840)
-- Name: auth_group_name_a6ea08ec_like; Type: INDEX; Schema: public; Owner: postgres
--

CREATE INDEX auth_group_name_a6ea08ec_like ON public.auth_group USING btree (name varchar_pattern_ops);


--
-- TOC entry 4909 (class 1259 OID 17781)
-- Name: auth_group_permissions_group_id_b120cbf9; Type: INDEX; Schema: public; Owner: postgres
--

CREATE INDEX auth_group_permissions_group_id_b120cbf9 ON public.auth_group_permissions USING btree (group_id);


--
-- TOC entry 4912 (class 1259 OID 17782)
-- Name: auth_group_permissions_permission_id_84c5c92e; Type: INDEX; Schema: public; Owner: postgres
--

CREATE INDEX auth_group_permissions_permission_id_84c5c92e ON public.auth_group_permissions USING btree (permission_id);


--
-- TOC entry 4899 (class 1259 OID 17767)
-- Name: auth_permission_content_type_id_2f476e4b; Type: INDEX; Schema: public; Owner: postgres
--

CREATE INDEX auth_permission_content_type_id_2f476e4b ON public.auth_permission USING btree (content_type_id);


--
-- TOC entry 4920 (class 1259 OID 17797)
-- Name: auth_user_groups_group_id_97559544; Type: INDEX; Schema: public; Owner: postgres
--

CREATE INDEX auth_user_groups_group_id_97559544 ON public.auth_user_groups USING btree (group_id);


--
-- TOC entry 4923 (class 1259 OID 17796)
-- Name: auth_user_groups_user_id_6a12ed8b; Type: INDEX; Schema: public; Owner: postgres
--

CREATE INDEX auth_user_groups_user_id_6a12ed8b ON public.auth_user_groups USING btree (user_id);


--
-- TOC entry 4926 (class 1259 OID 17811)
-- Name: auth_user_user_permissions_permission_id_1fbb5f2c; Type: INDEX; Schema: public; Owner: postgres
--

CREATE INDEX auth_user_user_permissions_permission_id_1fbb5f2c ON public.auth_user_user_permissions USING btree (permission_id);


--
-- TOC entry 4929 (class 1259 OID 17810)
-- Name: auth_user_user_permissions_user_id_a95ead1b; Type: INDEX; Schema: public; Owner: postgres
--

CREATE INDEX auth_user_user_permissions_user_id_a95ead1b ON public.auth_user_user_permissions USING btree (user_id);


--
-- TOC entry 4917 (class 1259 OID 17835)
-- Name: auth_user_username_6821ab7c_like; Type: INDEX; Schema: public; Owner: postgres
--

CREATE INDEX auth_user_username_6821ab7c_like ON public.auth_user USING btree (username varchar_pattern_ops);


--
-- TOC entry 4932 (class 1259 OID 17831)
-- Name: django_admin_log_content_type_id_c4bce8eb; Type: INDEX; Schema: public; Owner: postgres
--

CREATE INDEX django_admin_log_content_type_id_c4bce8eb ON public.django_admin_log USING btree (content_type_id);


--
-- TOC entry 4935 (class 1259 OID 17832)
-- Name: django_admin_log_user_id_c564eba6; Type: INDEX; Schema: public; Owner: postgres
--

CREATE INDEX django_admin_log_user_id_c564eba6 ON public.django_admin_log USING btree (user_id);


--
-- TOC entry 4936 (class 1259 OID 18022)
-- Name: django_session_expire_date_a5c62663; Type: INDEX; Schema: public; Owner: postgres
--

CREATE INDEX django_session_expire_date_a5c62663 ON public.django_session USING btree (expire_date);


--
-- TOC entry 4939 (class 1259 OID 18021)
-- Name: django_session_session_key_c0390e0f_like; Type: INDEX; Schema: public; Owner: postgres
--

CREATE INDEX django_session_session_key_c0390e0f_like ON public.django_session USING btree (session_key varchar_pattern_ops);


--
-- TOC entry 4942 (class 2606 OID 17607)
-- Name: airplanes airplanes_model_id_fkey; Type: FK CONSTRAINT; Schema: public; Owner: postgres
--

ALTER TABLE ONLY public.airplanes
    ADD CONSTRAINT airplanes_model_id_fkey FOREIGN KEY (model_id) REFERENCES public.airplane_models(id);


--
-- TOC entry 4941 (class 2606 OID 17570)
-- Name: airports airports_city_id_fkey; Type: FK CONSTRAINT; Schema: public; Owner: postgres
--

ALTER TABLE ONLY public.airports
    ADD CONSTRAINT airports_city_id_fkey FOREIGN KEY (city_id) REFERENCES public.cities(id);


--
-- TOC entry 4954 (class 2606 OID 17776)
-- Name: auth_group_permissions auth_group_permissio_permission_id_84c5c92e_fk_auth_perm; Type: FK CONSTRAINT; Schema: public; Owner: postgres
--

ALTER TABLE ONLY public.auth_group_permissions
    ADD CONSTRAINT auth_group_permissio_permission_id_84c5c92e_fk_auth_perm FOREIGN KEY (permission_id) REFERENCES public.auth_permission(id) DEFERRABLE INITIALLY DEFERRED;


--
-- TOC entry 4955 (class 2606 OID 17771)
-- Name: auth_group_permissions auth_group_permissions_group_id_b120cbf9_fk_auth_group_id; Type: FK CONSTRAINT; Schema: public; Owner: postgres
--

ALTER TABLE ONLY public.auth_group_permissions
    ADD CONSTRAINT auth_group_permissions_group_id_b120cbf9_fk_auth_group_id FOREIGN KEY (group_id) REFERENCES public.auth_group(id) DEFERRABLE INITIALLY DEFERRED;


--
-- TOC entry 4953 (class 2606 OID 17762)
-- Name: auth_permission auth_permission_content_type_id_2f476e4b_fk_django_co; Type: FK CONSTRAINT; Schema: public; Owner: postgres
--

ALTER TABLE ONLY public.auth_permission
    ADD CONSTRAINT auth_permission_content_type_id_2f476e4b_fk_django_co FOREIGN KEY (content_type_id) REFERENCES public.django_content_type(id) DEFERRABLE INITIALLY DEFERRED;


--
-- TOC entry 4956 (class 2606 OID 17791)
-- Name: auth_user_groups auth_user_groups_group_id_97559544_fk_auth_group_id; Type: FK CONSTRAINT; Schema: public; Owner: postgres
--

ALTER TABLE ONLY public.auth_user_groups
    ADD CONSTRAINT auth_user_groups_group_id_97559544_fk_auth_group_id FOREIGN KEY (group_id) REFERENCES public.auth_group(id) DEFERRABLE INITIALLY DEFERRED;


--
-- TOC entry 4957 (class 2606 OID 17786)
-- Name: auth_user_groups auth_user_groups_user_id_6a12ed8b_fk_auth_user_id; Type: FK CONSTRAINT; Schema: public; Owner: postgres
--

ALTER TABLE ONLY public.auth_user_groups
    ADD CONSTRAINT auth_user_groups_user_id_6a12ed8b_fk_auth_user_id FOREIGN KEY (user_id) REFERENCES public.auth_user(id) DEFERRABLE INITIALLY DEFERRED;


--
-- TOC entry 4958 (class 2606 OID 17805)
-- Name: auth_user_user_permissions auth_user_user_permi_permission_id_1fbb5f2c_fk_auth_perm; Type: FK CONSTRAINT; Schema: public; Owner: postgres
--

ALTER TABLE ONLY public.auth_user_user_permissions
    ADD CONSTRAINT auth_user_user_permi_permission_id_1fbb5f2c_fk_auth_perm FOREIGN KEY (permission_id) REFERENCES public.auth_permission(id) DEFERRABLE INITIALLY DEFERRED;


--
-- TOC entry 4959 (class 2606 OID 17800)
-- Name: auth_user_user_permissions auth_user_user_permissions_user_id_a95ead1b_fk_auth_user_id; Type: FK CONSTRAINT; Schema: public; Owner: postgres
--

ALTER TABLE ONLY public.auth_user_user_permissions
    ADD CONSTRAINT auth_user_user_permissions_user_id_a95ead1b_fk_auth_user_id FOREIGN KEY (user_id) REFERENCES public.auth_user(id) DEFERRABLE INITIALLY DEFERRED;


--
-- TOC entry 4950 (class 2606 OID 17694)
-- Name: bookings bookings_flight_schedule_id_fkey; Type: FK CONSTRAINT; Schema: public; Owner: postgres
--

ALTER TABLE ONLY public.bookings
    ADD CONSTRAINT bookings_flight_schedule_id_fkey FOREIGN KEY (flight_schedule_id) REFERENCES public.flight_schedules(id);


--
-- TOC entry 4951 (class 2606 OID 17699)
-- Name: bookings bookings_passenger_id_fkey; Type: FK CONSTRAINT; Schema: public; Owner: postgres
--

ALTER TABLE ONLY public.bookings
    ADD CONSTRAINT bookings_passenger_id_fkey FOREIGN KEY (passenger_id) REFERENCES public.passengers(id);


--
-- TOC entry 4952 (class 2606 OID 17689)
-- Name: bookings bookings_seat_id_fkey; Type: FK CONSTRAINT; Schema: public; Owner: postgres
--

ALTER TABLE ONLY public.bookings
    ADD CONSTRAINT bookings_seat_id_fkey FOREIGN KEY (seat_id) REFERENCES public.seats(id);


--
-- TOC entry 4940 (class 2606 OID 17556)
-- Name: cities cities_country_id_fkey; Type: FK CONSTRAINT; Schema: public; Owner: postgres
--

ALTER TABLE ONLY public.cities
    ADD CONSTRAINT cities_country_id_fkey FOREIGN KEY (country_id) REFERENCES public.countries(id);


--
-- TOC entry 4960 (class 2606 OID 17821)
-- Name: django_admin_log django_admin_log_content_type_id_c4bce8eb_fk_django_co; Type: FK CONSTRAINT; Schema: public; Owner: postgres
--

ALTER TABLE ONLY public.django_admin_log
    ADD CONSTRAINT django_admin_log_content_type_id_c4bce8eb_fk_django_co FOREIGN KEY (content_type_id) REFERENCES public.django_content_type(id) DEFERRABLE INITIALLY DEFERRED;


--
-- TOC entry 4961 (class 2606 OID 17826)
-- Name: django_admin_log django_admin_log_user_id_c564eba6_fk_auth_user_id; Type: FK CONSTRAINT; Schema: public; Owner: postgres
--

ALTER TABLE ONLY public.django_admin_log
    ADD CONSTRAINT django_admin_log_user_id_c564eba6_fk_auth_user_id FOREIGN KEY (user_id) REFERENCES public.auth_user(id) DEFERRABLE INITIALLY DEFERRED;


--
-- TOC entry 4948 (class 2606 OID 17674)
-- Name: flight_schedules flight_schedules_airplane_id_fkey; Type: FK CONSTRAINT; Schema: public; Owner: postgres
--

ALTER TABLE ONLY public.flight_schedules
    ADD CONSTRAINT flight_schedules_airplane_id_fkey FOREIGN KEY (airplane_id) REFERENCES public.airplanes(id);


--
-- TOC entry 4949 (class 2606 OID 17669)
-- Name: flight_schedules flight_schedules_flight_id_fkey; Type: FK CONSTRAINT; Schema: public; Owner: postgres
--

ALTER TABLE ONLY public.flight_schedules
    ADD CONSTRAINT flight_schedules_flight_id_fkey FOREIGN KEY (flight_id) REFERENCES public.flights(id);


--
-- TOC entry 4945 (class 2606 OID 17647)
-- Name: flights flights_airline_id_fkey; Type: FK CONSTRAINT; Schema: public; Owner: postgres
--

ALTER TABLE ONLY public.flights
    ADD CONSTRAINT flights_airline_id_fkey FOREIGN KEY (airline_id) REFERENCES public.airlines(id);


--
-- TOC entry 4946 (class 2606 OID 17657)
-- Name: flights flights_arrival_airport_id_fkey; Type: FK CONSTRAINT; Schema: public; Owner: postgres
--

ALTER TABLE ONLY public.flights
    ADD CONSTRAINT flights_arrival_airport_id_fkey FOREIGN KEY (arrival_airport_id) REFERENCES public.airports(id);


--
-- TOC entry 4947 (class 2606 OID 17652)
-- Name: flights flights_departure_airport_id_fkey; Type: FK CONSTRAINT; Schema: public; Owner: postgres
--

ALTER TABLE ONLY public.flights
    ADD CONSTRAINT flights_departure_airport_id_fkey FOREIGN KEY (departure_airport_id) REFERENCES public.airports(id);


--
-- TOC entry 4943 (class 2606 OID 17621)
-- Name: seats seats_airplane_id_fkey; Type: FK CONSTRAINT; Schema: public; Owner: postgres
--

ALTER TABLE ONLY public.seats
    ADD CONSTRAINT seats_airplane_id_fkey FOREIGN KEY (airplane_id) REFERENCES public.airplanes(id);


--
-- TOC entry 4944 (class 2606 OID 17626)
-- Name: seats seats_flight_class_id_fkey; Type: FK CONSTRAINT; Schema: public; Owner: postgres
--

ALTER TABLE ONLY public.seats
    ADD CONSTRAINT seats_flight_class_id_fkey FOREIGN KEY (flight_class_id) REFERENCES public.flight_classes(id);


-- Completed on 2025-05-19 18:56:13

--
-- PostgreSQL database dump complete
--

