--
-- PostgreSQL database dump
--

-- Dumped from database version 16.8
-- Dumped by pg_dump version 16.8

-- Started on 2025-05-19 19:51:41

SET statement_timeout = 0;
SET lock_timeout = 0;
SET idle_in_transaction_session_timeout = 0;
SET client_encoding = 'UTF8';
SET standard_conforming_strings = on;
SELECT pg_catalog.set_config('search_path', '', false);
SET check_function_bodies = false;
SET xmloption = content;
SET client_min_messages = warning;
SET row_security = off;

SET default_tablespace = '';

SET default_table_access_method = heap;

--
-- TOC entry 222 (class 1259 OID 18252)
-- Name: auth_group; Type: TABLE; Schema: public; Owner: postgres
--

CREATE TABLE public.auth_group (
    id integer NOT NULL,
    name character varying(150) NOT NULL
);


ALTER TABLE public.auth_group OWNER TO postgres;

--
-- TOC entry 221 (class 1259 OID 18251)
-- Name: auth_group_id_seq; Type: SEQUENCE; Schema: public; Owner: postgres
--

ALTER TABLE public.auth_group ALTER COLUMN id ADD GENERATED BY DEFAULT AS IDENTITY (
    SEQUENCE NAME public.auth_group_id_seq
    START WITH 1
    INCREMENT BY 1
    NO MINVALUE
    NO MAXVALUE
    CACHE 1
);


--
-- TOC entry 224 (class 1259 OID 18260)
-- Name: auth_group_permissions; Type: TABLE; Schema: public; Owner: postgres
--

CREATE TABLE public.auth_group_permissions (
    id bigint NOT NULL,
    group_id integer NOT NULL,
    permission_id integer NOT NULL
);


ALTER TABLE public.auth_group_permissions OWNER TO postgres;

--
-- TOC entry 223 (class 1259 OID 18259)
-- Name: auth_group_permissions_id_seq; Type: SEQUENCE; Schema: public; Owner: postgres
--

ALTER TABLE public.auth_group_permissions ALTER COLUMN id ADD GENERATED BY DEFAULT AS IDENTITY (
    SEQUENCE NAME public.auth_group_permissions_id_seq
    START WITH 1
    INCREMENT BY 1
    NO MINVALUE
    NO MAXVALUE
    CACHE 1
);


--
-- TOC entry 220 (class 1259 OID 18246)
-- Name: auth_permission; Type: TABLE; Schema: public; Owner: postgres
--

CREATE TABLE public.auth_permission (
    id integer NOT NULL,
    name character varying(255) NOT NULL,
    content_type_id integer NOT NULL,
    codename character varying(100) NOT NULL
);


ALTER TABLE public.auth_permission OWNER TO postgres;

--
-- TOC entry 219 (class 1259 OID 18245)
-- Name: auth_permission_id_seq; Type: SEQUENCE; Schema: public; Owner: postgres
--

ALTER TABLE public.auth_permission ALTER COLUMN id ADD GENERATED BY DEFAULT AS IDENTITY (
    SEQUENCE NAME public.auth_permission_id_seq
    START WITH 1
    INCREMENT BY 1
    NO MINVALUE
    NO MAXVALUE
    CACHE 1
);


--
-- TOC entry 226 (class 1259 OID 18266)
-- Name: auth_user; Type: TABLE; Schema: public; Owner: postgres
--

CREATE TABLE public.auth_user (
    id integer NOT NULL,
    password character varying(128) NOT NULL,
    last_login timestamp with time zone,
    is_superuser boolean NOT NULL,
    username character varying(150) NOT NULL,
    first_name character varying(150) NOT NULL,
    last_name character varying(150) NOT NULL,
    email character varying(254) NOT NULL,
    is_staff boolean NOT NULL,
    is_active boolean NOT NULL,
    date_joined timestamp with time zone NOT NULL
);


ALTER TABLE public.auth_user OWNER TO postgres;

--
-- TOC entry 228 (class 1259 OID 18274)
-- Name: auth_user_groups; Type: TABLE; Schema: public; Owner: postgres
--

CREATE TABLE public.auth_user_groups (
    id bigint NOT NULL,
    user_id integer NOT NULL,
    group_id integer NOT NULL
);


ALTER TABLE public.auth_user_groups OWNER TO postgres;

--
-- TOC entry 227 (class 1259 OID 18273)
-- Name: auth_user_groups_id_seq; Type: SEQUENCE; Schema: public; Owner: postgres
--

ALTER TABLE public.auth_user_groups ALTER COLUMN id ADD GENERATED BY DEFAULT AS IDENTITY (
    SEQUENCE NAME public.auth_user_groups_id_seq
    START WITH 1
    INCREMENT BY 1
    NO MINVALUE
    NO MAXVALUE
    CACHE 1
);


--
-- TOC entry 225 (class 1259 OID 18265)
-- Name: auth_user_id_seq; Type: SEQUENCE; Schema: public; Owner: postgres
--

ALTER TABLE public.auth_user ALTER COLUMN id ADD GENERATED BY DEFAULT AS IDENTITY (
    SEQUENCE NAME public.auth_user_id_seq
    START WITH 1
    INCREMENT BY 1
    NO MINVALUE
    NO MAXVALUE
    CACHE 1
);


--
-- TOC entry 230 (class 1259 OID 18280)
-- Name: auth_user_user_permissions; Type: TABLE; Schema: public; Owner: postgres
--

CREATE TABLE public.auth_user_user_permissions (
    id bigint NOT NULL,
    user_id integer NOT NULL,
    permission_id integer NOT NULL
);


ALTER TABLE public.auth_user_user_permissions OWNER TO postgres;

--
-- TOC entry 229 (class 1259 OID 18279)
-- Name: auth_user_user_permissions_id_seq; Type: SEQUENCE; Schema: public; Owner: postgres
--

ALTER TABLE public.auth_user_user_permissions ALTER COLUMN id ADD GENERATED BY DEFAULT AS IDENTITY (
    SEQUENCE NAME public.auth_user_user_permissions_id_seq
    START WITH 1
    INCREMENT BY 1
    NO MINVALUE
    NO MAXVALUE
    CACHE 1
);


--
-- TOC entry 232 (class 1259 OID 18338)
-- Name: django_admin_log; Type: TABLE; Schema: public; Owner: postgres
--

CREATE TABLE public.django_admin_log (
    id integer NOT NULL,
    action_time timestamp with time zone NOT NULL,
    object_id text,
    object_repr character varying(200) NOT NULL,
    action_flag smallint NOT NULL,
    change_message text NOT NULL,
    content_type_id integer,
    user_id integer NOT NULL,
    CONSTRAINT django_admin_log_action_flag_check CHECK ((action_flag >= 0))
);


ALTER TABLE public.django_admin_log OWNER TO postgres;

--
-- TOC entry 231 (class 1259 OID 18337)
-- Name: django_admin_log_id_seq; Type: SEQUENCE; Schema: public; Owner: postgres
--

ALTER TABLE public.django_admin_log ALTER COLUMN id ADD GENERATED BY DEFAULT AS IDENTITY (
    SEQUENCE NAME public.django_admin_log_id_seq
    START WITH 1
    INCREMENT BY 1
    NO MINVALUE
    NO MAXVALUE
    CACHE 1
);


--
-- TOC entry 218 (class 1259 OID 18238)
-- Name: django_content_type; Type: TABLE; Schema: public; Owner: postgres
--

CREATE TABLE public.django_content_type (
    id integer NOT NULL,
    app_label character varying(100) NOT NULL,
    model character varying(100) NOT NULL
);


ALTER TABLE public.django_content_type OWNER TO postgres;

--
-- TOC entry 217 (class 1259 OID 18237)
-- Name: django_content_type_id_seq; Type: SEQUENCE; Schema: public; Owner: postgres
--

ALTER TABLE public.django_content_type ALTER COLUMN id ADD GENERATED BY DEFAULT AS IDENTITY (
    SEQUENCE NAME public.django_content_type_id_seq
    START WITH 1
    INCREMENT BY 1
    NO MINVALUE
    NO MAXVALUE
    CACHE 1
);


--
-- TOC entry 216 (class 1259 OID 18230)
-- Name: django_migrations; Type: TABLE; Schema: public; Owner: postgres
--

CREATE TABLE public.django_migrations (
    id bigint NOT NULL,
    app character varying(255) NOT NULL,
    name character varying(255) NOT NULL,
    applied timestamp with time zone NOT NULL
);


ALTER TABLE public.django_migrations OWNER TO postgres;

--
-- TOC entry 215 (class 1259 OID 18229)
-- Name: django_migrations_id_seq; Type: SEQUENCE; Schema: public; Owner: postgres
--

ALTER TABLE public.django_migrations ALTER COLUMN id ADD GENERATED BY DEFAULT AS IDENTITY (
    SEQUENCE NAME public.django_migrations_id_seq
    START WITH 1
    INCREMENT BY 1
    NO MINVALUE
    NO MAXVALUE
    CACHE 1
);


--
-- TOC entry 233 (class 1259 OID 18366)
-- Name: django_session; Type: TABLE; Schema: public; Owner: postgres
--

CREATE TABLE public.django_session (
    session_key character varying(40) NOT NULL,
    session_data text NOT NULL,
    expire_date timestamp with time zone NOT NULL
);


ALTER TABLE public.django_session OWNER TO postgres;

--
-- TOC entry 237 (class 1259 OID 18384)
-- Name: trips_city; Type: TABLE; Schema: public; Owner: postgres
--

CREATE TABLE public.trips_city (
    id bigint NOT NULL,
    name character varying(100) NOT NULL,
    country_id bigint NOT NULL
);


ALTER TABLE public.trips_city OWNER TO postgres;

--
-- TOC entry 236 (class 1259 OID 18383)
-- Name: trips_city_id_seq; Type: SEQUENCE; Schema: public; Owner: postgres
--

ALTER TABLE public.trips_city ALTER COLUMN id ADD GENERATED BY DEFAULT AS IDENTITY (
    SEQUENCE NAME public.trips_city_id_seq
    START WITH 1
    INCREMENT BY 1
    NO MINVALUE
    NO MAXVALUE
    CACHE 1
);


--
-- TOC entry 235 (class 1259 OID 18376)
-- Name: trips_country; Type: TABLE; Schema: public; Owner: postgres
--

CREATE TABLE public.trips_country (
    id bigint NOT NULL,
    name character varying(100) NOT NULL
);


ALTER TABLE public.trips_country OWNER TO postgres;

--
-- TOC entry 234 (class 1259 OID 18375)
-- Name: trips_country_id_seq; Type: SEQUENCE; Schema: public; Owner: postgres
--

ALTER TABLE public.trips_country ALTER COLUMN id ADD GENERATED BY DEFAULT AS IDENTITY (
    SEQUENCE NAME public.trips_country_id_seq
    START WITH 1
    INCREMENT BY 1
    NO MINVALUE
    NO MAXVALUE
    CACHE 1
);


--
-- TOC entry 239 (class 1259 OID 18390)
-- Name: trips_trip; Type: TABLE; Schema: public; Owner: postgres
--

CREATE TABLE public.trips_trip (
    id bigint NOT NULL,
    name character varying(100) NOT NULL,
    created_at timestamp with time zone NOT NULL,
    user_id integer NOT NULL
);


ALTER TABLE public.trips_trip OWNER TO postgres;

--
-- TOC entry 238 (class 1259 OID 18389)
-- Name: trips_trip_id_seq; Type: SEQUENCE; Schema: public; Owner: postgres
--

ALTER TABLE public.trips_trip ALTER COLUMN id ADD GENERATED BY DEFAULT AS IDENTITY (
    SEQUENCE NAME public.trips_trip_id_seq
    START WITH 1
    INCREMENT BY 1
    NO MINVALUE
    NO MAXVALUE
    CACHE 1
);


--
-- TOC entry 241 (class 1259 OID 18396)
-- Name: trips_tripsegment; Type: TABLE; Schema: public; Owner: postgres
--

CREATE TABLE public.trips_tripsegment (
    id bigint NOT NULL,
    transport_type character varying(50) NOT NULL,
    departure_time timestamp with time zone,
    arrival_time timestamp with time zone,
    "order" integer NOT NULL,
    arrival_city_id bigint NOT NULL,
    departure_city_id bigint NOT NULL,
    trip_id bigint NOT NULL
);


ALTER TABLE public.trips_tripsegment OWNER TO postgres;

--
-- TOC entry 240 (class 1259 OID 18395)
-- Name: trips_tripsegment_id_seq; Type: SEQUENCE; Schema: public; Owner: postgres
--

ALTER TABLE public.trips_tripsegment ALTER COLUMN id ADD GENERATED BY DEFAULT AS IDENTITY (
    SEQUENCE NAME public.trips_tripsegment_id_seq
    START WITH 1
    INCREMENT BY 1
    NO MINVALUE
    NO MAXVALUE
    CACHE 1
);


--
-- TOC entry 243 (class 1259 OID 18434)
-- Name: trips_userprofile; Type: TABLE; Schema: public; Owner: postgres
--

CREATE TABLE public.trips_userprofile (
    id bigint NOT NULL,
    full_name character varying(100) NOT NULL,
    passport_number character varying(20) NOT NULL,
    user_id integer NOT NULL
);


ALTER TABLE public.trips_userprofile OWNER TO postgres;

--
-- TOC entry 242 (class 1259 OID 18433)
-- Name: trips_userprofile_id_seq; Type: SEQUENCE; Schema: public; Owner: postgres
--

ALTER TABLE public.trips_userprofile ALTER COLUMN id ADD GENERATED BY DEFAULT AS IDENTITY (
    SEQUENCE NAME public.trips_userprofile_id_seq
    START WITH 1
    INCREMENT BY 1
    NO MINVALUE
    NO MAXVALUE
    CACHE 1
);


--
-- TOC entry 5040 (class 0 OID 18252)
-- Dependencies: 222
-- Data for Name: auth_group; Type: TABLE DATA; Schema: public; Owner: postgres
--

COPY public.auth_group (id, name) FROM stdin;
\.


--
-- TOC entry 5042 (class 0 OID 18260)
-- Dependencies: 224
-- Data for Name: auth_group_permissions; Type: TABLE DATA; Schema: public; Owner: postgres
--

COPY public.auth_group_permissions (id, group_id, permission_id) FROM stdin;
\.


--
-- TOC entry 5038 (class 0 OID 18246)
-- Dependencies: 220
-- Data for Name: auth_permission; Type: TABLE DATA; Schema: public; Owner: postgres
--

COPY public.auth_permission (id, name, content_type_id, codename) FROM stdin;
1	Can add country	1	add_country
2	Can change country	1	change_country
3	Can delete country	1	delete_country
4	Can view country	1	view_country
5	Can add city	2	add_city
6	Can change city	2	change_city
7	Can delete city	2	delete_city
8	Can view city	2	view_city
9	Can add trip	3	add_trip
10	Can change trip	3	change_trip
11	Can delete trip	3	delete_trip
12	Can view trip	3	view_trip
13	Can add trip segment	4	add_tripsegment
14	Can change trip segment	4	change_tripsegment
15	Can delete trip segment	4	delete_tripsegment
16	Can view trip segment	4	view_tripsegment
17	Can add log entry	5	add_logentry
18	Can change log entry	5	change_logentry
19	Can delete log entry	5	delete_logentry
20	Can view log entry	5	view_logentry
21	Can add permission	6	add_permission
22	Can change permission	6	change_permission
23	Can delete permission	6	delete_permission
24	Can view permission	6	view_permission
25	Can add group	7	add_group
26	Can change group	7	change_group
27	Can delete group	7	delete_group
28	Can view group	7	view_group
29	Can add user	8	add_user
30	Can change user	8	change_user
31	Can delete user	8	delete_user
32	Can view user	8	view_user
33	Can add content type	9	add_contenttype
34	Can change content type	9	change_contenttype
35	Can delete content type	9	delete_contenttype
36	Can view content type	9	view_contenttype
37	Can add session	10	add_session
38	Can change session	10	change_session
39	Can delete session	10	delete_session
40	Can view session	10	view_session
41	Can add user profile	11	add_userprofile
42	Can change user profile	11	change_userprofile
43	Can delete user profile	11	delete_userprofile
44	Can view user profile	11	view_userprofile
\.


--
-- TOC entry 5044 (class 0 OID 18266)
-- Dependencies: 226
-- Data for Name: auth_user; Type: TABLE DATA; Schema: public; Owner: postgres
--

COPY public.auth_user (id, password, last_login, is_superuser, username, first_name, last_name, email, is_staff, is_active, date_joined) FROM stdin;
2	pbkdf2_sha256$1000000$tmyUbKkzqXsigZyUy619AO$tlWDTeaMMMUmE18Yr6JFy98TMmeSNcWcSO5wrVIC/Eg=	2025-04-26 18:59:51.759861+03	f	qwe				f	t	2025-04-26 18:59:43.68956+03
3	pbkdf2_sha256$1000000$u6rQCd3nh6E46VLLCLD7BV$LwfhM5l253Yiq2DKb4CsQ+zUL9qqcUNspFj/mGnIvtw=	2025-04-26 19:57:23.40058+03	f	ewq				f	t	2025-04-26 19:46:42.155392+03
1	pbkdf2_sha256$1000000$EcGEgYyhd9UEK1PwVmtCET$RI5KgXvRhcPpgzrPLnE9aOvgfr78EnK1wxnPajmN6+M=	2025-04-26 20:43:10.756206+03	f	vlad				f	t	2025-04-26 18:40:17.35687+03
4	pbkdf2_sha256$1000000$5mVDBkbkBU3VLIZkSF12ga$RyoZJH+MiUpheKY4oGUpgzZ/yyHYmkyHMOdFkVSPUuk=	\N	f	hhh				f	t	2025-04-28 19:29:26.941942+03
5	pbkdf2_sha256$1000000$jT0lMfG4iv4R6uES3jyMGu$G7NhI2RD7K8NuMuwHoCC5cAWtQB/ihzRYD6v2W7F6Cw=	2025-04-28 20:03:40.41083+03	f	tyui				f	t	2025-04-28 19:30:56.053897+03
6	pbkdf2_sha256$1000000$b6KJkKLTgErQGRJc8bxc9B$KJ1o2w7SS+MAE+bZOYM0fhO6OGcyr+1lwRZ7LlTneNo=	2025-04-28 20:27:38.405358+03	f	Liza				f	t	2025-04-28 20:27:14.458465+03
\.


--
-- TOC entry 5046 (class 0 OID 18274)
-- Dependencies: 228
-- Data for Name: auth_user_groups; Type: TABLE DATA; Schema: public; Owner: postgres
--

COPY public.auth_user_groups (id, user_id, group_id) FROM stdin;
\.


--
-- TOC entry 5048 (class 0 OID 18280)
-- Dependencies: 230
-- Data for Name: auth_user_user_permissions; Type: TABLE DATA; Schema: public; Owner: postgres
--

COPY public.auth_user_user_permissions (id, user_id, permission_id) FROM stdin;
\.


--
-- TOC entry 5050 (class 0 OID 18338)
-- Dependencies: 232
-- Data for Name: django_admin_log; Type: TABLE DATA; Schema: public; Owner: postgres
--

COPY public.django_admin_log (id, action_time, object_id, object_repr, action_flag, change_message, content_type_id, user_id) FROM stdin;
\.


--
-- TOC entry 5036 (class 0 OID 18238)
-- Dependencies: 218
-- Data for Name: django_content_type; Type: TABLE DATA; Schema: public; Owner: postgres
--

COPY public.django_content_type (id, app_label, model) FROM stdin;
1	trips	country
2	trips	city
3	trips	trip
4	trips	tripsegment
5	admin	logentry
6	auth	permission
7	auth	group
8	auth	user
9	contenttypes	contenttype
10	sessions	session
11	trips	userprofile
\.


--
-- TOC entry 5034 (class 0 OID 18230)
-- Dependencies: 216
-- Data for Name: django_migrations; Type: TABLE DATA; Schema: public; Owner: postgres
--

COPY public.django_migrations (id, app, name, applied) FROM stdin;
1	contenttypes	0001_initial	2025-04-26 18:35:24.698499+03
2	auth	0001_initial	2025-04-26 18:35:24.755929+03
3	admin	0001_initial	2025-04-26 18:35:24.772916+03
4	admin	0002_logentry_remove_auto_add	2025-04-26 18:35:24.792228+03
5	admin	0003_logentry_add_action_flag_choices	2025-04-26 18:35:24.797232+03
6	contenttypes	0002_remove_content_type_name	2025-04-26 18:35:24.806939+03
7	auth	0002_alter_permission_name_max_length	2025-04-26 18:35:24.811937+03
8	auth	0003_alter_user_email_max_length	2025-04-26 18:35:24.816956+03
9	auth	0004_alter_user_username_opts	2025-04-26 18:35:24.821608+03
10	auth	0005_alter_user_last_login_null	2025-04-26 18:35:24.82761+03
11	auth	0006_require_contenttypes_0002	2025-04-26 18:35:24.828594+03
12	auth	0007_alter_validators_add_error_messages	2025-04-26 18:35:24.836597+03
13	auth	0008_alter_user_username_max_length	2025-04-26 18:35:24.846726+03
14	auth	0009_alter_user_last_name_max_length	2025-04-26 18:35:24.851629+03
15	auth	0010_alter_group_name_max_length	2025-04-26 18:35:24.857612+03
16	auth	0011_update_proxy_permissions	2025-04-26 18:35:24.862159+03
17	auth	0012_alter_user_first_name_max_length	2025-04-26 18:35:24.867273+03
18	sessions	0001_initial	2025-04-26 18:35:24.875291+03
19	trips	0001_initial	2025-04-26 18:35:24.916021+03
20	trips	0002_userprofile	2025-04-26 18:38:22.266231+03
\.


--
-- TOC entry 5051 (class 0 OID 18366)
-- Dependencies: 233
-- Data for Name: django_session; Type: TABLE DATA; Schema: public; Owner: postgres
--

COPY public.django_session (session_key, session_data, expire_date) FROM stdin;
ur4sbedseontov7xpuw10vcqc59qt9h4	.eJxVjE0OwiAYBe_C2pACBalL956h-f6QqoGktCvj3W2TLnT7Zua91Qjrkse1yTxOrC7Kq9PvhkBPKTvgB5R71VTLMk-od0UftOlbZXldD_fvIEPLWy0dcW8tmOCEiRKK5ZgYfUhiHHccPWM_QHQdncUIus0DtN4PgaJY9fkCIiA5Sg:1u9RNh:aJ4FDjtJEiL-knjFbvSZcue15fjyQ_JxZSkG9Jj2LeI	2025-05-12 19:30:57.093266+03
5zlg3er571ecmk7jyeqqpgj5xv7i65bq	.eJxVjEEOwiAQRe_C2hAoFKhL9z0DGWYGqRqalHZlvLtt0oVu33v_v0WEbS1xa7zEicRVOHH5ZQnwyfUQ9IB6nyXOdV2mJI9EnrbJcSZ-3c7276BAK_samLvcG05aYcDg3dAxgaGsg0KlcQgeyPfkVafZMOod2kElR9kEa5X4fAH-Ejf4:1u9SGY:Wp2gSjcbdzuRlLJWbC1_4MujUfCdjMbMJ5cVOS6f0w4	2025-05-12 20:27:38.406474+03
\.


--
-- TOC entry 5055 (class 0 OID 18384)
-- Dependencies: 237
-- Data for Name: trips_city; Type: TABLE DATA; Schema: public; Owner: postgres
--

COPY public.trips_city (id, name, country_id) FROM stdin;
1	Москва	1
2	Санкт-Петербург	1
3	Нью-Йорк	2
4	Лос-Анджелес	2
5	Берлин	3
\.


--
-- TOC entry 5053 (class 0 OID 18376)
-- Dependencies: 235
-- Data for Name: trips_country; Type: TABLE DATA; Schema: public; Owner: postgres
--

COPY public.trips_country (id, name) FROM stdin;
1	Россия
2	США
3	Германия
4	Франция
5	Китай
\.


--
-- TOC entry 5057 (class 0 OID 18390)
-- Dependencies: 239
-- Data for Name: trips_trip; Type: TABLE DATA; Schema: public; Owner: postgres
--

COPY public.trips_trip (id, name, created_at, user_id) FROM stdin;
1	МОЕ ПУТЕШЕСТВИЕ НА ЛЕТО	2025-04-26 18:40:26.878656+03	1
2	МОЕ ПУШТЕКОШУТЫЩВЛ	2025-04-26 19:00:10.416816+03	2
3	Hhahahah	2025-04-26 19:46:48.607264+03	3
4	Путешествие в Аргентину	2025-04-28 19:31:32.236767+03	5
5	65265	2025-04-28 19:37:41.127424+03	5
6	командировка в США	2025-04-28 19:49:27.873661+03	5
7	Путешествие в Немецию	2025-04-28 20:04:13.109856+03	5
8	Путешествие в Германию	2025-04-28 20:28:04.136792+03	6
\.


--
-- TOC entry 5059 (class 0 OID 18396)
-- Dependencies: 241
-- Data for Name: trips_tripsegment; Type: TABLE DATA; Schema: public; Owner: postgres
--

COPY public.trips_tripsegment (id, transport_type, departure_time, arrival_time, "order", arrival_city_id, departure_city_id, trip_id) FROM stdin;
1	auto	1543-12-12 08:04:17+02:30:17	4354-03-05 08:34:00+03	1	2	1	1
2	flight	\N	\N	2	4	2	1
3	flight	0312-03-12 08:04:17+02:30:17	\N	1	2	1	2
4	walk	\N	\N	2	4	1	2
5	walk	\N	\N	1	2	1	3
6	flight	\N	\N	2	2	4	3
7	flight	\N	\N	3	2	1	3
8	flight	\N	\N	4	3	1	3
9	flight	2025-01-01 04:01:00+03	\N	5	5	1	3
10	flight	2024-01-13 03:00:00+03	\N	6	5	1	3
11	auto	2025-02-01 15:50:00+03	2025-12-21 06:31:00+03	1	2	1	4
12	flight	\N	\N	2	4	1	4
13	flight	\N	\N	3	1	3	4
14	flight	\N	\N	4	2	1	4
15	flight	\N	\N	5	4	1	4
16	flight	\N	\N	6	5	1	4
17	flight	\N	\N	7	3	1	4
18	walk	\N	\N	1	2	1	5
19	auto	\N	\N	1	3	1	6
20	flight	\N	\N	2	5	1	6
21	auto	2025-04-12 15:12:00+03	\N	1	2	1	7
22	flight	\N	\N	2	5	1	7
23	auto	2025-04-01 15:12:00+03	\N	1	1	2	8
24	flight	\N	\N	2	5	1	8
\.


--
-- TOC entry 5061 (class 0 OID 18434)
-- Dependencies: 243
-- Data for Name: trips_userprofile; Type: TABLE DATA; Schema: public; Owner: postgres
--

COPY public.trips_userprofile (id, full_name, passport_number, user_id) FROM stdin;
1	Vladislav Dorofeev Yurevich	2117408586	1
2	Liza	789456	2
3	Vlad	123123	3
5	Liza	21549	5
6	Elizaveta	1234567	6
\.


--
-- TOC entry 5067 (class 0 OID 0)
-- Dependencies: 221
-- Name: auth_group_id_seq; Type: SEQUENCE SET; Schema: public; Owner: postgres
--

SELECT pg_catalog.setval('public.auth_group_id_seq', 1, false);


--
-- TOC entry 5068 (class 0 OID 0)
-- Dependencies: 223
-- Name: auth_group_permissions_id_seq; Type: SEQUENCE SET; Schema: public; Owner: postgres
--

SELECT pg_catalog.setval('public.auth_group_permissions_id_seq', 1, false);


--
-- TOC entry 5069 (class 0 OID 0)
-- Dependencies: 219
-- Name: auth_permission_id_seq; Type: SEQUENCE SET; Schema: public; Owner: postgres
--

SELECT pg_catalog.setval('public.auth_permission_id_seq', 44, true);


--
-- TOC entry 5070 (class 0 OID 0)
-- Dependencies: 227
-- Name: auth_user_groups_id_seq; Type: SEQUENCE SET; Schema: public; Owner: postgres
--

SELECT pg_catalog.setval('public.auth_user_groups_id_seq', 1, false);


--
-- TOC entry 5071 (class 0 OID 0)
-- Dependencies: 225
-- Name: auth_user_id_seq; Type: SEQUENCE SET; Schema: public; Owner: postgres
--

SELECT pg_catalog.setval('public.auth_user_id_seq', 6, true);


--
-- TOC entry 5072 (class 0 OID 0)
-- Dependencies: 229
-- Name: auth_user_user_permissions_id_seq; Type: SEQUENCE SET; Schema: public; Owner: postgres
--

SELECT pg_catalog.setval('public.auth_user_user_permissions_id_seq', 1, false);


--
-- TOC entry 5073 (class 0 OID 0)
-- Dependencies: 231
-- Name: django_admin_log_id_seq; Type: SEQUENCE SET; Schema: public; Owner: postgres
--

SELECT pg_catalog.setval('public.django_admin_log_id_seq', 1, false);


--
-- TOC entry 5074 (class 0 OID 0)
-- Dependencies: 217
-- Name: django_content_type_id_seq; Type: SEQUENCE SET; Schema: public; Owner: postgres
--

SELECT pg_catalog.setval('public.django_content_type_id_seq', 11, true);


--
-- TOC entry 5075 (class 0 OID 0)
-- Dependencies: 215
-- Name: django_migrations_id_seq; Type: SEQUENCE SET; Schema: public; Owner: postgres
--

SELECT pg_catalog.setval('public.django_migrations_id_seq', 20, true);


--
-- TOC entry 5076 (class 0 OID 0)
-- Dependencies: 236
-- Name: trips_city_id_seq; Type: SEQUENCE SET; Schema: public; Owner: postgres
--

SELECT pg_catalog.setval('public.trips_city_id_seq', 5, true);


--
-- TOC entry 5077 (class 0 OID 0)
-- Dependencies: 234
-- Name: trips_country_id_seq; Type: SEQUENCE SET; Schema: public; Owner: postgres
--

SELECT pg_catalog.setval('public.trips_country_id_seq', 5, true);


--
-- TOC entry 5078 (class 0 OID 0)
-- Dependencies: 238
-- Name: trips_trip_id_seq; Type: SEQUENCE SET; Schema: public; Owner: postgres
--

SELECT pg_catalog.setval('public.trips_trip_id_seq', 8, true);


--
-- TOC entry 5079 (class 0 OID 0)
-- Dependencies: 240
-- Name: trips_tripsegment_id_seq; Type: SEQUENCE SET; Schema: public; Owner: postgres
--

SELECT pg_catalog.setval('public.trips_tripsegment_id_seq', 24, true);


--
-- TOC entry 5080 (class 0 OID 0)
-- Dependencies: 242
-- Name: trips_userprofile_id_seq; Type: SEQUENCE SET; Schema: public; Owner: postgres
--

SELECT pg_catalog.setval('public.trips_userprofile_id_seq', 6, true);


--
-- TOC entry 4818 (class 2606 OID 18364)
-- Name: auth_group auth_group_name_key; Type: CONSTRAINT; Schema: public; Owner: postgres
--

ALTER TABLE ONLY public.auth_group
    ADD CONSTRAINT auth_group_name_key UNIQUE (name);


--
-- TOC entry 4823 (class 2606 OID 18295)
-- Name: auth_group_permissions auth_group_permissions_group_id_permission_id_0cd325b0_uniq; Type: CONSTRAINT; Schema: public; Owner: postgres
--

ALTER TABLE ONLY public.auth_group_permissions
    ADD CONSTRAINT auth_group_permissions_group_id_permission_id_0cd325b0_uniq UNIQUE (group_id, permission_id);


--
-- TOC entry 4826 (class 2606 OID 18264)
-- Name: auth_group_permissions auth_group_permissions_pkey; Type: CONSTRAINT; Schema: public; Owner: postgres
--

ALTER TABLE ONLY public.auth_group_permissions
    ADD CONSTRAINT auth_group_permissions_pkey PRIMARY KEY (id);


--
-- TOC entry 4820 (class 2606 OID 18256)
-- Name: auth_group auth_group_pkey; Type: CONSTRAINT; Schema: public; Owner: postgres
--

ALTER TABLE ONLY public.auth_group
    ADD CONSTRAINT auth_group_pkey PRIMARY KEY (id);


--
-- TOC entry 4813 (class 2606 OID 18286)
-- Name: auth_permission auth_permission_content_type_id_codename_01ab375a_uniq; Type: CONSTRAINT; Schema: public; Owner: postgres
--

ALTER TABLE ONLY public.auth_permission
    ADD CONSTRAINT auth_permission_content_type_id_codename_01ab375a_uniq UNIQUE (content_type_id, codename);


--
-- TOC entry 4815 (class 2606 OID 18250)
-- Name: auth_permission auth_permission_pkey; Type: CONSTRAINT; Schema: public; Owner: postgres
--

ALTER TABLE ONLY public.auth_permission
    ADD CONSTRAINT auth_permission_pkey PRIMARY KEY (id);


--
-- TOC entry 4834 (class 2606 OID 18278)
-- Name: auth_user_groups auth_user_groups_pkey; Type: CONSTRAINT; Schema: public; Owner: postgres
--

ALTER TABLE ONLY public.auth_user_groups
    ADD CONSTRAINT auth_user_groups_pkey PRIMARY KEY (id);


--
-- TOC entry 4837 (class 2606 OID 18310)
-- Name: auth_user_groups auth_user_groups_user_id_group_id_94350c0c_uniq; Type: CONSTRAINT; Schema: public; Owner: postgres
--

ALTER TABLE ONLY public.auth_user_groups
    ADD CONSTRAINT auth_user_groups_user_id_group_id_94350c0c_uniq UNIQUE (user_id, group_id);


--
-- TOC entry 4828 (class 2606 OID 18270)
-- Name: auth_user auth_user_pkey; Type: CONSTRAINT; Schema: public; Owner: postgres
--

ALTER TABLE ONLY public.auth_user
    ADD CONSTRAINT auth_user_pkey PRIMARY KEY (id);


--
-- TOC entry 4840 (class 2606 OID 18284)
-- Name: auth_user_user_permissions auth_user_user_permissions_pkey; Type: CONSTRAINT; Schema: public; Owner: postgres
--

ALTER TABLE ONLY public.auth_user_user_permissions
    ADD CONSTRAINT auth_user_user_permissions_pkey PRIMARY KEY (id);


--
-- TOC entry 4843 (class 2606 OID 18324)
-- Name: auth_user_user_permissions auth_user_user_permissions_user_id_permission_id_14a6b632_uniq; Type: CONSTRAINT; Schema: public; Owner: postgres
--

ALTER TABLE ONLY public.auth_user_user_permissions
    ADD CONSTRAINT auth_user_user_permissions_user_id_permission_id_14a6b632_uniq UNIQUE (user_id, permission_id);


--
-- TOC entry 4831 (class 2606 OID 18359)
-- Name: auth_user auth_user_username_key; Type: CONSTRAINT; Schema: public; Owner: postgres
--

ALTER TABLE ONLY public.auth_user
    ADD CONSTRAINT auth_user_username_key UNIQUE (username);


--
-- TOC entry 4846 (class 2606 OID 18345)
-- Name: django_admin_log django_admin_log_pkey; Type: CONSTRAINT; Schema: public; Owner: postgres
--

ALTER TABLE ONLY public.django_admin_log
    ADD CONSTRAINT django_admin_log_pkey PRIMARY KEY (id);


--
-- TOC entry 4808 (class 2606 OID 18244)
-- Name: django_content_type django_content_type_app_label_model_76bd3d3b_uniq; Type: CONSTRAINT; Schema: public; Owner: postgres
--

ALTER TABLE ONLY public.django_content_type
    ADD CONSTRAINT django_content_type_app_label_model_76bd3d3b_uniq UNIQUE (app_label, model);


--
-- TOC entry 4810 (class 2606 OID 18242)
-- Name: django_content_type django_content_type_pkey; Type: CONSTRAINT; Schema: public; Owner: postgres
--

ALTER TABLE ONLY public.django_content_type
    ADD CONSTRAINT django_content_type_pkey PRIMARY KEY (id);


--
-- TOC entry 4806 (class 2606 OID 18236)
-- Name: django_migrations django_migrations_pkey; Type: CONSTRAINT; Schema: public; Owner: postgres
--

ALTER TABLE ONLY public.django_migrations
    ADD CONSTRAINT django_migrations_pkey PRIMARY KEY (id);


--
-- TOC entry 4850 (class 2606 OID 18372)
-- Name: django_session django_session_pkey; Type: CONSTRAINT; Schema: public; Owner: postgres
--

ALTER TABLE ONLY public.django_session
    ADD CONSTRAINT django_session_pkey PRIMARY KEY (session_key);


--
-- TOC entry 4859 (class 2606 OID 18388)
-- Name: trips_city trips_city_pkey; Type: CONSTRAINT; Schema: public; Owner: postgres
--

ALTER TABLE ONLY public.trips_city
    ADD CONSTRAINT trips_city_pkey PRIMARY KEY (id);


--
-- TOC entry 4854 (class 2606 OID 18382)
-- Name: trips_country trips_country_name_key; Type: CONSTRAINT; Schema: public; Owner: postgres
--

ALTER TABLE ONLY public.trips_country
    ADD CONSTRAINT trips_country_name_key UNIQUE (name);


--
-- TOC entry 4856 (class 2606 OID 18380)
-- Name: trips_country trips_country_pkey; Type: CONSTRAINT; Schema: public; Owner: postgres
--

ALTER TABLE ONLY public.trips_country
    ADD CONSTRAINT trips_country_pkey PRIMARY KEY (id);


--
-- TOC entry 4861 (class 2606 OID 18394)
-- Name: trips_trip trips_trip_pkey; Type: CONSTRAINT; Schema: public; Owner: postgres
--

ALTER TABLE ONLY public.trips_trip
    ADD CONSTRAINT trips_trip_pkey PRIMARY KEY (id);


--
-- TOC entry 4866 (class 2606 OID 18400)
-- Name: trips_tripsegment trips_tripsegment_pkey; Type: CONSTRAINT; Schema: public; Owner: postgres
--

ALTER TABLE ONLY public.trips_tripsegment
    ADD CONSTRAINT trips_tripsegment_pkey PRIMARY KEY (id);


--
-- TOC entry 4870 (class 2606 OID 18440)
-- Name: trips_userprofile trips_userprofile_passport_number_key; Type: CONSTRAINT; Schema: public; Owner: postgres
--

ALTER TABLE ONLY public.trips_userprofile
    ADD CONSTRAINT trips_userprofile_passport_number_key UNIQUE (passport_number);


--
-- TOC entry 4872 (class 2606 OID 18438)
-- Name: trips_userprofile trips_userprofile_pkey; Type: CONSTRAINT; Schema: public; Owner: postgres
--

ALTER TABLE ONLY public.trips_userprofile
    ADD CONSTRAINT trips_userprofile_pkey PRIMARY KEY (id);


--
-- TOC entry 4874 (class 2606 OID 18442)
-- Name: trips_userprofile trips_userprofile_user_id_key; Type: CONSTRAINT; Schema: public; Owner: postgres
--

ALTER TABLE ONLY public.trips_userprofile
    ADD CONSTRAINT trips_userprofile_user_id_key UNIQUE (user_id);


--
-- TOC entry 4816 (class 1259 OID 18365)
-- Name: auth_group_name_a6ea08ec_like; Type: INDEX; Schema: public; Owner: postgres
--

CREATE INDEX auth_group_name_a6ea08ec_like ON public.auth_group USING btree (name varchar_pattern_ops);


--
-- TOC entry 4821 (class 1259 OID 18306)
-- Name: auth_group_permissions_group_id_b120cbf9; Type: INDEX; Schema: public; Owner: postgres
--

CREATE INDEX auth_group_permissions_group_id_b120cbf9 ON public.auth_group_permissions USING btree (group_id);


--
-- TOC entry 4824 (class 1259 OID 18307)
-- Name: auth_group_permissions_permission_id_84c5c92e; Type: INDEX; Schema: public; Owner: postgres
--

CREATE INDEX auth_group_permissions_permission_id_84c5c92e ON public.auth_group_permissions USING btree (permission_id);


--
-- TOC entry 4811 (class 1259 OID 18292)
-- Name: auth_permission_content_type_id_2f476e4b; Type: INDEX; Schema: public; Owner: postgres
--

CREATE INDEX auth_permission_content_type_id_2f476e4b ON public.auth_permission USING btree (content_type_id);


--
-- TOC entry 4832 (class 1259 OID 18322)
-- Name: auth_user_groups_group_id_97559544; Type: INDEX; Schema: public; Owner: postgres
--

CREATE INDEX auth_user_groups_group_id_97559544 ON public.auth_user_groups USING btree (group_id);


--
-- TOC entry 4835 (class 1259 OID 18321)
-- Name: auth_user_groups_user_id_6a12ed8b; Type: INDEX; Schema: public; Owner: postgres
--

CREATE INDEX auth_user_groups_user_id_6a12ed8b ON public.auth_user_groups USING btree (user_id);


--
-- TOC entry 4838 (class 1259 OID 18336)
-- Name: auth_user_user_permissions_permission_id_1fbb5f2c; Type: INDEX; Schema: public; Owner: postgres
--

CREATE INDEX auth_user_user_permissions_permission_id_1fbb5f2c ON public.auth_user_user_permissions USING btree (permission_id);


--
-- TOC entry 4841 (class 1259 OID 18335)
-- Name: auth_user_user_permissions_user_id_a95ead1b; Type: INDEX; Schema: public; Owner: postgres
--

CREATE INDEX auth_user_user_permissions_user_id_a95ead1b ON public.auth_user_user_permissions USING btree (user_id);


--
-- TOC entry 4829 (class 1259 OID 18360)
-- Name: auth_user_username_6821ab7c_like; Type: INDEX; Schema: public; Owner: postgres
--

CREATE INDEX auth_user_username_6821ab7c_like ON public.auth_user USING btree (username varchar_pattern_ops);


--
-- TOC entry 4844 (class 1259 OID 18356)
-- Name: django_admin_log_content_type_id_c4bce8eb; Type: INDEX; Schema: public; Owner: postgres
--

CREATE INDEX django_admin_log_content_type_id_c4bce8eb ON public.django_admin_log USING btree (content_type_id);


--
-- TOC entry 4847 (class 1259 OID 18357)
-- Name: django_admin_log_user_id_c564eba6; Type: INDEX; Schema: public; Owner: postgres
--

CREATE INDEX django_admin_log_user_id_c564eba6 ON public.django_admin_log USING btree (user_id);


--
-- TOC entry 4848 (class 1259 OID 18374)
-- Name: django_session_expire_date_a5c62663; Type: INDEX; Schema: public; Owner: postgres
--

CREATE INDEX django_session_expire_date_a5c62663 ON public.django_session USING btree (expire_date);


--
-- TOC entry 4851 (class 1259 OID 18373)
-- Name: django_session_session_key_c0390e0f_like; Type: INDEX; Schema: public; Owner: postgres
--

CREATE INDEX django_session_session_key_c0390e0f_like ON public.django_session USING btree (session_key varchar_pattern_ops);


--
-- TOC entry 4857 (class 1259 OID 18407)
-- Name: trips_city_country_id_4433282c; Type: INDEX; Schema: public; Owner: postgres
--

CREATE INDEX trips_city_country_id_4433282c ON public.trips_city USING btree (country_id);


--
-- TOC entry 4852 (class 1259 OID 18401)
-- Name: trips_country_name_9feb1652_like; Type: INDEX; Schema: public; Owner: postgres
--

CREATE INDEX trips_country_name_9feb1652_like ON public.trips_country USING btree (name varchar_pattern_ops);


--
-- TOC entry 4862 (class 1259 OID 18413)
-- Name: trips_trip_user_id_b33c249a; Type: INDEX; Schema: public; Owner: postgres
--

CREATE INDEX trips_trip_user_id_b33c249a ON public.trips_trip USING btree (user_id);


--
-- TOC entry 4863 (class 1259 OID 18429)
-- Name: trips_tripsegment_arrival_city_id_60fa2093; Type: INDEX; Schema: public; Owner: postgres
--

CREATE INDEX trips_tripsegment_arrival_city_id_60fa2093 ON public.trips_tripsegment USING btree (arrival_city_id);


--
-- TOC entry 4864 (class 1259 OID 18430)
-- Name: trips_tripsegment_departure_city_id_63261c77; Type: INDEX; Schema: public; Owner: postgres
--

CREATE INDEX trips_tripsegment_departure_city_id_63261c77 ON public.trips_tripsegment USING btree (departure_city_id);


--
-- TOC entry 4867 (class 1259 OID 18431)
-- Name: trips_tripsegment_trip_id_f34262b3; Type: INDEX; Schema: public; Owner: postgres
--

CREATE INDEX trips_tripsegment_trip_id_f34262b3 ON public.trips_tripsegment USING btree (trip_id);


--
-- TOC entry 4868 (class 1259 OID 18448)
-- Name: trips_userprofile_passport_number_1f32e9b4_like; Type: INDEX; Schema: public; Owner: postgres
--

CREATE INDEX trips_userprofile_passport_number_1f32e9b4_like ON public.trips_userprofile USING btree (passport_number varchar_pattern_ops);


--
-- TOC entry 4876 (class 2606 OID 18301)
-- Name: auth_group_permissions auth_group_permissio_permission_id_84c5c92e_fk_auth_perm; Type: FK CONSTRAINT; Schema: public; Owner: postgres
--

ALTER TABLE ONLY public.auth_group_permissions
    ADD CONSTRAINT auth_group_permissio_permission_id_84c5c92e_fk_auth_perm FOREIGN KEY (permission_id) REFERENCES public.auth_permission(id) DEFERRABLE INITIALLY DEFERRED;


--
-- TOC entry 4877 (class 2606 OID 18296)
-- Name: auth_group_permissions auth_group_permissions_group_id_b120cbf9_fk_auth_group_id; Type: FK CONSTRAINT; Schema: public; Owner: postgres
--

ALTER TABLE ONLY public.auth_group_permissions
    ADD CONSTRAINT auth_group_permissions_group_id_b120cbf9_fk_auth_group_id FOREIGN KEY (group_id) REFERENCES public.auth_group(id) DEFERRABLE INITIALLY DEFERRED;


--
-- TOC entry 4875 (class 2606 OID 18287)
-- Name: auth_permission auth_permission_content_type_id_2f476e4b_fk_django_co; Type: FK CONSTRAINT; Schema: public; Owner: postgres
--

ALTER TABLE ONLY public.auth_permission
    ADD CONSTRAINT auth_permission_content_type_id_2f476e4b_fk_django_co FOREIGN KEY (content_type_id) REFERENCES public.django_content_type(id) DEFERRABLE INITIALLY DEFERRED;


--
-- TOC entry 4878 (class 2606 OID 18316)
-- Name: auth_user_groups auth_user_groups_group_id_97559544_fk_auth_group_id; Type: FK CONSTRAINT; Schema: public; Owner: postgres
--

ALTER TABLE ONLY public.auth_user_groups
    ADD CONSTRAINT auth_user_groups_group_id_97559544_fk_auth_group_id FOREIGN KEY (group_id) REFERENCES public.auth_group(id) DEFERRABLE INITIALLY DEFERRED;


--
-- TOC entry 4879 (class 2606 OID 18311)
-- Name: auth_user_groups auth_user_groups_user_id_6a12ed8b_fk_auth_user_id; Type: FK CONSTRAINT; Schema: public; Owner: postgres
--

ALTER TABLE ONLY public.auth_user_groups
    ADD CONSTRAINT auth_user_groups_user_id_6a12ed8b_fk_auth_user_id FOREIGN KEY (user_id) REFERENCES public.auth_user(id) DEFERRABLE INITIALLY DEFERRED;


--
-- TOC entry 4880 (class 2606 OID 18330)
-- Name: auth_user_user_permissions auth_user_user_permi_permission_id_1fbb5f2c_fk_auth_perm; Type: FK CONSTRAINT; Schema: public; Owner: postgres
--

ALTER TABLE ONLY public.auth_user_user_permissions
    ADD CONSTRAINT auth_user_user_permi_permission_id_1fbb5f2c_fk_auth_perm FOREIGN KEY (permission_id) REFERENCES public.auth_permission(id) DEFERRABLE INITIALLY DEFERRED;


--
-- TOC entry 4881 (class 2606 OID 18325)
-- Name: auth_user_user_permissions auth_user_user_permissions_user_id_a95ead1b_fk_auth_user_id; Type: FK CONSTRAINT; Schema: public; Owner: postgres
--

ALTER TABLE ONLY public.auth_user_user_permissions
    ADD CONSTRAINT auth_user_user_permissions_user_id_a95ead1b_fk_auth_user_id FOREIGN KEY (user_id) REFERENCES public.auth_user(id) DEFERRABLE INITIALLY DEFERRED;


--
-- TOC entry 4882 (class 2606 OID 18346)
-- Name: django_admin_log django_admin_log_content_type_id_c4bce8eb_fk_django_co; Type: FK CONSTRAINT; Schema: public; Owner: postgres
--

ALTER TABLE ONLY public.django_admin_log
    ADD CONSTRAINT django_admin_log_content_type_id_c4bce8eb_fk_django_co FOREIGN KEY (content_type_id) REFERENCES public.django_content_type(id) DEFERRABLE INITIALLY DEFERRED;


--
-- TOC entry 4883 (class 2606 OID 18351)
-- Name: django_admin_log django_admin_log_user_id_c564eba6_fk_auth_user_id; Type: FK CONSTRAINT; Schema: public; Owner: postgres
--

ALTER TABLE ONLY public.django_admin_log
    ADD CONSTRAINT django_admin_log_user_id_c564eba6_fk_auth_user_id FOREIGN KEY (user_id) REFERENCES public.auth_user(id) DEFERRABLE INITIALLY DEFERRED;


--
-- TOC entry 4884 (class 2606 OID 18402)
-- Name: trips_city trips_city_country_id_4433282c_fk_trips_country_id; Type: FK CONSTRAINT; Schema: public; Owner: postgres
--

ALTER TABLE ONLY public.trips_city
    ADD CONSTRAINT trips_city_country_id_4433282c_fk_trips_country_id FOREIGN KEY (country_id) REFERENCES public.trips_country(id) DEFERRABLE INITIALLY DEFERRED;


--
-- TOC entry 4885 (class 2606 OID 18408)
-- Name: trips_trip trips_trip_user_id_b33c249a_fk_auth_user_id; Type: FK CONSTRAINT; Schema: public; Owner: postgres
--

ALTER TABLE ONLY public.trips_trip
    ADD CONSTRAINT trips_trip_user_id_b33c249a_fk_auth_user_id FOREIGN KEY (user_id) REFERENCES public.auth_user(id) DEFERRABLE INITIALLY DEFERRED;


--
-- TOC entry 4886 (class 2606 OID 18414)
-- Name: trips_tripsegment trips_tripsegment_arrival_city_id_60fa2093_fk_trips_city_id; Type: FK CONSTRAINT; Schema: public; Owner: postgres
--

ALTER TABLE ONLY public.trips_tripsegment
    ADD CONSTRAINT trips_tripsegment_arrival_city_id_60fa2093_fk_trips_city_id FOREIGN KEY (arrival_city_id) REFERENCES public.trips_city(id) DEFERRABLE INITIALLY DEFERRED;


--
-- TOC entry 4887 (class 2606 OID 18419)
-- Name: trips_tripsegment trips_tripsegment_departure_city_id_63261c77_fk_trips_city_id; Type: FK CONSTRAINT; Schema: public; Owner: postgres
--

ALTER TABLE ONLY public.trips_tripsegment
    ADD CONSTRAINT trips_tripsegment_departure_city_id_63261c77_fk_trips_city_id FOREIGN KEY (departure_city_id) REFERENCES public.trips_city(id) DEFERRABLE INITIALLY DEFERRED;


--
-- TOC entry 4888 (class 2606 OID 18424)
-- Name: trips_tripsegment trips_tripsegment_trip_id_f34262b3_fk_trips_trip_id; Type: FK CONSTRAINT; Schema: public; Owner: postgres
--

ALTER TABLE ONLY public.trips_tripsegment
    ADD CONSTRAINT trips_tripsegment_trip_id_f34262b3_fk_trips_trip_id FOREIGN KEY (trip_id) REFERENCES public.trips_trip(id) DEFERRABLE INITIALLY DEFERRED;


--
-- TOC entry 4889 (class 2606 OID 18443)
-- Name: trips_userprofile trips_userprofile_user_id_ffe67e35_fk_auth_user_id; Type: FK CONSTRAINT; Schema: public; Owner: postgres
--

ALTER TABLE ONLY public.trips_userprofile
    ADD CONSTRAINT trips_userprofile_user_id_ffe67e35_fk_auth_user_id FOREIGN KEY (user_id) REFERENCES public.auth_user(id) DEFERRABLE INITIALLY DEFERRED;


-- Completed on 2025-05-19 19:51:45

--
-- PostgreSQL database dump complete
--

